{
  "algorithm": "PABBO_Full",
  "best_T": 13,
  "best_alpha": 0.07692307692307693,
  "best_eta": 0.07692307692307693,
  "best_perplexity": 1704.5625342185272,
  "total_time": 597.7968408999732,
  "avg_step_time": 28.466516233332054,
  "stopped_early": false,
  "num_iterations": 21,
  "initial_population": [
    733,
    811,
    133,
    355,
    777,
    115,
    452,
    940,
    879,
    345,
    576,
    153,
    950,
    602,
    162,
    238,
    422,
    511,
    660,
    285
  ]
}