{
  "algorithm": "GA",
  "best_T": 11,
  "best_alpha": 0.09090909090909091,
  "best_eta": 0.09090909090909091,
  "best_perplexity": 1679.3090664465396,
  "total_time": 1022.7292474999995,
  "avg_step_time": 25.95823380964118,
  "stopped_early": true,
  "num_iterations": 14,
  "initial_population": [
    733,
    811,
    33,
    355,
    777,
    115,
    452,
    940,
    879,
    345,
    576,
    53,
    950,
    602,
    162,
    238,
    422,
    511,
    660,
    285
  ]
}