individual_id,T,alpha,eta,fitness
0,65,0.015384615384615385,0.015384615384615385,4113.718855131038
1,69,0.014492753623188406,0.014492753623188406,4282.1227468933075
2,69,0.014492753623188406,0.014492753623188406,4282.1227468933075
3,71,0.014084507042253521,0.014084507042253521,4415.300810355257
4,71,0.014084507042253521,0.014084507042253521,4415.300810355257
