individual_id,T,alpha,eta,fitness
0,105,0.009523809523809525,0.009523809523809525,7791.023918437884
1,109,0.009174311926605505,0.009174311926605505,9056.867418267379
2,109,0.009174311926605505,0.009174311926605505,9056.867418267379
3,109,0.009174311926605505,0.009174311926605505,9056.867418267379
4,109,0.009174311926605505,0.009174311926605505,9056.867418267379
