individual_id,T,alpha,eta,fitness
0,95,0.010526315789473684,0.010526315789473684,5887.8857240363795
1,93,0.010752688172043012,0.010752688172043012,6125.492117523883
2,91,0.01098901098901099,0.01098901098901099,6435.106731303398
3,91,0.01098901098901099,0.01098901098901099,6435.106731303398
4,92,0.010869565217391304,0.010869565217391304,6667.377429273268
