individual_id,T,alpha,eta,fitness
0,95,0.010526315789473684,0.010526315789473684,5887.8857240363795
1,96,0.010416666666666666,0.010416666666666666,6673.342990425735
2,101,0.009900990099009901,0.009900990099009901,6948.949650897902
3,97,0.010309278350515464,0.010309278350515464,7117.764212245823
4,97,0.010309278350515464,0.010309278350515464,7117.764212245823
