individual_id,T,alpha,eta,fitness
0,103,0.009708737864077669,0.009708737864077669,7515.714760784637
1,105,0.009523809523809525,0.009523809523809525,7791.023918437884
2,105,0.009523809523809525,0.009523809523809525,7791.023918437884
3,105,0.009523809523809525,0.009523809523809525,7791.023918437884
4,104,0.009615384615384616,0.009615384615384616,8715.085459129059
