individual_id,T,alpha,eta,fitness
0,109,0.009174311926605505,0.009174311926605505,9056.867418267379
1,109,0.009174311926605505,0.009174311926605505,9056.867418267379
2,109,0.009174311926605505,0.009174311926605505,9056.867418267379
3,109,0.009174311926605505,0.009174311926605505,9056.867418267379
4,109,0.009174311926605505,0.009174311926605505,9056.867418267379
