individual_id,T,alpha,eta,fitness
0,72,0.013888888888888888,0.013888888888888888,4645.914426788166
1,76,0.013157894736842105,0.013157894736842105,4726.088382137067
2,76,0.013157894736842105,0.013157894736842105,4726.088382137067
3,76,0.013157894736842105,0.013157894736842105,4726.088382137067
4,77,0.012987012987012988,0.012987012987012988,4730.677057680804
