individual_id,T,alpha,eta,fitness
0,86,0.011627906976744186,0.011627906976744186,5555.988192960201
1,87,0.011494252873563218,0.011494252873563218,5747.978487517698
2,87,0.011494252873563218,0.011494252873563218,5747.978487517698
3,95,0.010526315789473684,0.010526315789473684,5887.8857240363795
4,95,0.010526315789473684,0.010526315789473684,5887.8857240363795
