individual_id,T,alpha,eta,fitness
0,109,0.009174311926605505,0.009174311926605505,9056.867418267379
1,113,0.008849557522123894,0.008849557522123894,9207.360245725338
2,113,0.008849557522123894,0.008849557522123894,9207.360245725338
3,113,0.008849557522123894,0.008849557522123894,9207.360245725338
4,114,0.008771929824561403,0.008771929824561403,9409.419847602625
