individual_id,T,alpha,eta,fitness
0,100,0.01,0.01,7182.916490448508
1,99,0.010101010101010102,0.010101010101010102,7266.46708258844
2,99,0.010101010101010102,0.010101010101010102,7266.46708258844
3,103,0.009708737864077669,0.009708737864077669,7515.714760784637
4,103,0.009708737864077669,0.009708737864077669,7515.714760784637
