individual_id,T,alpha,eta,fitness
0,85,0.011764705882352941,0.011764705882352941,5473.2022714137365
1,86,0.011627906976744186,0.011627906976744186,5555.988192960201
2,84,0.011904761904761904,0.011904761904761904,5639.274529793136
3,87,0.011494252873563218,0.011494252873563218,5747.978487517698
4,87,0.011494252873563218,0.011494252873563218,5747.978487517698
