individual_id,T,alpha,eta,fitness
0,113,0.008849557522123894,0.008849557522123894,9207.360245725338
1,114,0.008771929824561403,0.008771929824561403,9409.419847602625
2,114,0.008771929824561403,0.008771929824561403,9409.419847602625
3,114,0.008771929824561403,0.008771929824561403,9409.419847602625
4,108,0.009259259259259259,0.009259259259259259,9437.926762951054
