individual_id,T,alpha,eta,fitness
0,71,0.014084507042253521,0.014084507042253521,4415.300810355257
1,73,0.0136986301369863,0.0136986301369863,4586.894410548916
2,72,0.013888888888888888,0.013888888888888888,4645.914426788166
3,72,0.013888888888888888,0.013888888888888888,4645.914426788166
4,76,0.013157894736842105,0.013157894736842105,4726.088382137067
