individual_id,T,alpha,eta,fitness
0,71,0.014084507042253521,0.014084507042253521,4415.300810355257
1,71,0.014084507042253521,0.014084507042253521,4415.300810355257
2,68,0.014705882352941176,0.014705882352941176,4433.861386193494
3,68,0.014705882352941176,0.014705882352941176,4433.861386193494
4,70,0.014285714285714285,0.014285714285714285,4538.99087332508
