individual_id,T,alpha,eta,fitness
0,87,0.011494252873563218,0.011494252873563218,5747.978487517698
1,95,0.010526315789473684,0.010526315789473684,5887.8857240363795
2,95,0.010526315789473684,0.010526315789473684,5887.8857240363795
3,93,0.010752688172043012,0.010752688172043012,6125.492117523883
4,93,0.010752688172043012,0.010752688172043012,6125.492117523883
