individual_id,T,alpha,eta,fitness
0,109,0.009174311926605505,0.009174311926605505,9056.867418267379
1,109,0.009174311926605505,0.009174311926605505,9056.867418267379
2,113,0.008849557522123894,0.008849557522123894,9207.360245725338
3,113,0.008849557522123894,0.008849557522123894,9207.360245725338
4,113,0.008849557522123894,0.008849557522123894,9207.360245725338
