individual_id,T,alpha,eta,fitness
0,114,0.008771929824561403,0.008771929824561403,9409.419847602625
1,115,0.008695652173913044,0.008695652173913044,10234.050079734332
2,115,0.008695652173913044,0.008695652173913044,10234.050079734332
3,120,0.008333333333333333,0.008333333333333333,11501.91994508916
4,135,0.007407407407407408,0.007407407407407408,17735.85517258668
