{
  "algorithm": "ES",
  "best_T": 65,
  "best_alpha": 0.015384615384615385,
  "best_eta": 0.015384615384615385,
  "best_perplexity": 4113.718855131038,
  "total_time": 405.5439823999768,
  "avg_step_time": 19.30980956667502,
  "stopped_early": false,
  "num_iterations": 21,
  "initial_population": [
    733,
    811,
    133,
    355,
    777,
    115,
    452,
    940,
    879,
    345,
    576,
    153,
    950,
    602,
    162,
    238,
    422,
    511,
    660,
    285
  ]
}