{
  "results": [
    {
      "algorithm": "GA",
      "best_T": 34,
      "best_perplexity": 1713.800921025981,
      "total_time": 1256.3501115420077
    },
    {
      "algorithm": "ES",
      "best_T": 20,
      "best_perplexity": 1681.750530019261,
      "total_time": 110.9649637919938
    },
    {
      "algorithm": "PABBO_Full",
      "best_T": 33,
      "best_perplexity": 1731.6678424923152,
      "total_time": 59.975702832991374
    }
  ],
  "best_algorithm": "ES",
  "best_perplexity": 1681.750530019261
}