{
  "algorithm": "PABBO_Full",
  "best_T": 9,
  "best_alpha": 0.1111111111111111,
  "best_eta": 0.1111111111111111,
  "best_perplexity": 1675.1231684104946,
  "total_time": 519.8487538000336,
  "avg_step_time": 25.99243769000168,
  "stopped_early": false,
  "num_iterations": 20,
  "initial_population": [
    733,
    811,
    133,
    355,
    777,
    115,
    452,
    940,
    879,
    345,
    576,
    153,
    950,
    602,
    162,
    238,
    422,
    511,
    660,
    285
  ]
}