{
  "algorithm": "PABBO_Full",
  "best_T": 16,
  "best_alpha": 0.0625,
  "best_eta": 0.0625,
  "best_perplexity": 1725.6098833383144,
  "total_time": 533.8244413000066,
  "avg_step_time": 25.420211490476504,
  "stopped_early": false,
  "num_iterations": 21,
  "initial_population": [
    733,
    811,
    133,
    355,
    777,
    115,
    452,
    940,
    879,
    345,
    576,
    153,
    950,
    602,
    162,
    238,
    422,
    511,
    660,
    285
  ]
}