{
  "algorithm": "PABBO_Full",
  "best_T": 12,
  "best_alpha": 0.08333333333333333,
  "best_eta": 0.08333333333333333,
  "best_perplexity": 1724.5831698517404,
  "total_time": 142.38259620899044,
  "avg_step_time": 28.476519241798087,
  "stopped_early": true,
  "num_iterations": 5,
  "initial_population": [
    733,
    811,
    33,
    355,
    777,
    115,
    452,
    940,
    879,
    345,
    576,
    53,
    950,
    602,
    162,
    238,
    422,
    511,
    660,
    285
  ]
}