individual_id,T,alpha,eta,fitness
0,31,0.03225806451612903,0.03225806451612903,2807.8646624339863
1,29,0.034482758620689655,0.034482758620689655,2837.6315306057913
2,33,0.030303030303030304,0.030303030303030304,2963.877373522052
3,37,0.02702702702702703,0.02702702702702703,2964.574362087366
4,54,0.018518518518518517,0.018518518518518517,3444.4046612923885
