individual_id,T,alpha,eta,fitness
0,18,0.05555555555555555,0.05555555555555555,2345.413293517317
1,17,0.058823529411764705,0.058823529411764705,2365.5048568522516
2,15,0.06666666666666667,0.06666666666666667,2374.874393907963
3,14,0.07142857142857142,0.07142857142857142,2401.9512801764513
4,21,0.047619047619047616,0.047619047619047616,2511.148140819153
