individual_id,T,alpha,eta,fitness
0,6,0.16666666666666666,0.16666666666666666,2116.0020454892087
1,6,0.16666666666666666,0.16666666666666666,2116.0020454892087
2,6,0.16666666666666666,0.16666666666666666,2116.0020454892087
3,6,0.16666666666666666,0.16666666666666666,2116.0020454892087
4,8,0.125,0.125,2122.4597632158966
