{
  "algorithm": "ES",
  "best_T": 6,
  "best_alpha": 0.16666666666666666,
  "best_eta": 0.16666666666666666,
  "best_perplexity": 2116.0020454892087,
  "total_time": 91.13743304200761,
  "avg_step_time": 7.0097829807693,
  "stopped_early": true,
  "num_iterations": 13,
  "initial_population": [
    733,
    811,
    33,
    355,
    777,
    115,
    452,
    940,
    879,
    345,
    576,
    53,
    950,
    602,
    162,
    238,
    422,
    511,
    660,
    285
  ]
}