individual_id,T,alpha,eta,fitness
0,106,0.009433962264150943,0.009433962264150943,2446.347572525201
1,106,0.009433962264150943,0.009433962264150943,2446.347572525201
2,108,0.009259259259259259,0.009259259259259259,2446.798197022259
3,111,0.009009009009009009,0.009009009009009009,2467.264271444714
4,111,0.009009009009009009,0.009009009009009009,2467.264271444714
