individual_id,T,alpha,eta,fitness
0,83,0.012048192771084338,0.012048192771084338,2121.8274705857807
1,85,0.011764705882352941,0.011764705882352941,2125.8502683447405
2,79,0.012658227848101266,0.012658227848101266,2131.7339090938267
3,79,0.012658227848101266,0.012658227848101266,2131.7339090938267
4,86,0.011627906976744186,0.011627906976744186,2154.3078245060365
