individual_id,T,alpha,eta,fitness
0,90,0.011111111111111112,0.011111111111111112,2181.38602779903
1,91,0.01098901098901099,0.01098901098901099,2244.6173341452236
2,91,0.01098901098901099,0.01098901098901099,2244.6173341452236
3,99,0.010101010101010102,0.010101010101010102,2277.9383107733192
4,99,0.010101010101010102,0.010101010101010102,2277.9383107733192
