individual_id,T,alpha,eta,fitness
0,111,0.009009009009009009,0.009009009009009009,2467.264271444714
1,111,0.009009009009009009,0.009009009009009009,2467.264271444714
2,111,0.009009009009009009,0.009009009009009009,2467.264271444714
3,113,0.008849557522123894,0.008849557522123894,2518.461895653966
4,113,0.008849557522123894,0.008849557522123894,2518.461895653966
