individual_id,T,alpha,eta,fitness
0,83,0.012048192771084338,0.012048192771084338,2121.8274705857807
1,83,0.012048192771084338,0.012048192771084338,2121.8274705857807
2,85,0.011764705882352941,0.011764705882352941,2125.8502683447405
3,85,0.011764705882352941,0.011764705882352941,2125.8502683447405
4,85,0.011764705882352941,0.011764705882352941,2125.8502683447405
