individual_id,T,alpha,eta,fitness
0,91,0.01098901098901099,0.01098901098901099,2244.6173341452236
1,99,0.010101010101010102,0.010101010101010102,2277.9383107733192
2,99,0.010101010101010102,0.010101010101010102,2277.9383107733192
3,99,0.010101010101010102,0.010101010101010102,2277.9383107733192
4,95,0.010526315789473684,0.010526315789473684,2295.8782042766543
