individual_id,T,alpha,eta,fitness
0,115,0.008695652173913044,0.008695652173913044,2597.6310371717323
1,115,0.008695652173913044,0.008695652173913044,2597.6310371717323
2,133,0.007518796992481203,0.007518796992481203,3009.496544020221
3,133,0.007518796992481203,0.007518796992481203,3009.496544020221
4,135,0.007407407407407408,0.007407407407407408,3057.091735535839
