individual_id,T,alpha,eta,fitness
0,85,0.011764705882352941,0.011764705882352941,2125.8502683447405
1,86,0.011627906976744186,0.011627906976744186,2154.3078245060365
2,86,0.011627906976744186,0.011627906976744186,2154.3078245060365
3,84,0.011904761904761904,0.011904761904761904,2177.0365198180784
4,84,0.011904761904761904,0.011904761904761904,2177.0365198180784
