individual_id,T,alpha,eta,fitness
0,111,0.009009009009009009,0.009009009009009009,2467.264271444714
1,111,0.009009009009009009,0.009009009009009009,2467.264271444714
2,113,0.008849557522123894,0.008849557522123894,2518.461895653966
3,115,0.008695652173913044,0.008695652173913044,2597.6310371717323
4,115,0.008695652173913044,0.008695652173913044,2597.6310371717323
