individual_id,T,alpha,eta,fitness
0,105,0.009523809523809525,0.009523809523809525,2379.3375962936802
1,101,0.009900990099009901,0.009900990099009901,2418.889313802354
2,106,0.009433962264150943,0.009433962264150943,2446.347572525201
3,106,0.009433962264150943,0.009433962264150943,2446.347572525201
4,106,0.009433962264150943,0.009433962264150943,2446.347572525201
