individual_id,T,alpha,eta,fitness
0,86,0.011627906976744186,0.011627906976744186,2154.3078245060365
1,88,0.011363636363636364,0.011363636363636364,2178.050922102828
2,90,0.011111111111111112,0.011111111111111112,2181.38602779903
3,89,0.011235955056179775,0.011235955056179775,2218.0603910541495
4,91,0.01098901098901099,0.01098901098901099,2244.6173341452236
