individual_id,T,alpha,eta,fitness
0,99,0.010101010101010102,0.010101010101010102,2277.9383107733192
1,95,0.010526315789473684,0.010526315789473684,2295.8782042766543
2,98,0.01020408163265306,0.01020408163265306,2344.405215397147
3,97,0.010309278350515464,0.010309278350515464,2369.3656973047523
4,105,0.009523809523809525,0.009523809523809525,2379.3375962936802
