individual_id,T,alpha,eta,fitness
0,106,0.009433962264150943,0.009433962264150943,2446.347572525201
1,106,0.009433962264150943,0.009433962264150943,2446.347572525201
2,106,0.009433962264150943,0.009433962264150943,2446.347572525201
3,106,0.009433962264150943,0.009433962264150943,2446.347572525201
4,108,0.009259259259259259,0.009259259259259259,2446.798197022259
