individual_id,T,alpha,eta,fitness
0,83,0.012048192771084338,0.012048192771084338,2121.8274705857807
1,83,0.012048192771084338,0.012048192771084338,2121.8274705857807
2,83,0.012048192771084338,0.012048192771084338,2121.8274705857807
3,83,0.012048192771084338,0.012048192771084338,2121.8274705857807
4,83,0.012048192771084338,0.012048192771084338,2121.8274705857807
