individual_id,T,alpha,eta,fitness
0,98,0.01020408163265306,0.01020408163265306,2344.405215397147
1,97,0.010309278350515464,0.010309278350515464,2369.3656973047523
2,105,0.009523809523809525,0.009523809523809525,2379.3375962936802
3,105,0.009523809523809525,0.009523809523809525,2379.3375962936802
4,101,0.009900990099009901,0.009900990099009901,2418.889313802354
