{
  "algorithm": "ES",
  "best_T": 83,
  "best_alpha": 0.012048192771084338,
  "best_eta": 0.012048192771084338,
  "best_perplexity": 2121.8274705857807,
  "total_time": 573.7762822000077,
  "avg_step_time": 27.320846423811634,
  "stopped_early": false,
  "num_iterations": 21,
  "initial_population": [
    733,
    811,
    133,
    355,
    777,
    115,
    452,
    940,
    879,
    345,
    576,
    153,
    950,
    602,
    162,
    238,
    422,
    511,
    660,
    285
  ]
}