individual_id,T,alpha,eta,fitness
0,82,0.012195121951219513,0.012195121951219513,5294.078749377515
1,85,0.011764705882352941,0.011764705882352941,5323.383924714663
2,84,0.011904761904761904,0.011904761904761904,5362.2367623271
3,93,0.010752688172043012,0.010752688172043012,5651.297762238256
4,93,0.010752688172043012,0.010752688172043012,5651.297762238256
