individual_id,T,alpha,eta,fitness
0,110,0.00909090909090909,0.00909090909090909,9313.015176405104
1,113,0.008849557522123894,0.008849557522123894,9546.167336011817
2,113,0.008849557522123894,0.008849557522123894,9546.167336011817
3,113,0.008849557522123894,0.008849557522123894,9546.167336011817
4,111,0.009009009009009009,0.009009009009009009,9643.73733560841
