individual_id,T,alpha,eta,fitness
0,113,0.008849557522123894,0.008849557522123894,9546.167336011817
1,111,0.009009009009009009,0.009009009009009009,9643.73733560841
2,111,0.009009009009009009,0.009009009009009009,9643.73733560841
3,115,0.008695652173913044,0.008695652173913044,11155.006910088456
4,115,0.008695652173913044,0.008695652173913044,11155.006910088456
