individual_id,T,alpha,eta,fitness
0,80,0.0125,0.0125,4895.847904228418
1,80,0.0125,0.0125,4895.847904228418
2,80,0.0125,0.0125,4895.847904228418
3,82,0.012195121951219513,0.012195121951219513,5294.078749377515
4,82,0.012195121951219513,0.012195121951219513,5294.078749377515
