individual_id,T,alpha,eta,fitness
0,94,0.010638297872340425,0.010638297872340425,6238.13927902514
1,97,0.010309278350515464,0.010309278350515464,6756.595448060374
2,97,0.010309278350515464,0.010309278350515464,6756.595448060374
3,97,0.010309278350515464,0.010309278350515464,6756.595448060374
4,97,0.010309278350515464,0.010309278350515464,6756.595448060374
