individual_id,T,alpha,eta,fitness
0,93,0.010752688172043012,0.010752688172043012,5651.297762238256
1,93,0.010752688172043012,0.010752688172043012,5651.297762238256
2,93,0.010752688172043012,0.010752688172043012,5651.297762238256
3,86,0.011627906976744186,0.011627906976744186,5828.299285011493
4,90,0.011111111111111112,0.011111111111111112,5896.087258801202
