individual_id,T,alpha,eta,fitness
0,77,0.012987012987012988,0.012987012987012988,4355.230849804077
1,77,0.012987012987012988,0.012987012987012988,4355.230849804077
2,77,0.012987012987012988,0.012987012987012988,4355.230849804077
3,73,0.0136986301369863,0.0136986301369863,4585.168820945862
4,76,0.013157894736842105,0.013157894736842105,4664.010977291148
