individual_id,T,alpha,eta,fitness
0,104,0.009615384615384616,0.009615384615384616,8020.540501151163
1,107,0.009345794392523364,0.009345794392523364,8126.824494066544
2,108,0.009259259259259259,0.009259259259259259,8469.565739563255
3,108,0.009259259259259259,0.009259259259259259,8469.565739563255
4,108,0.009259259259259259,0.009259259259259259,8469.565739563255
