individual_id,T,alpha,eta,fitness
0,99,0.010101010101010102,0.010101010101010102,7039.870354151067
1,106,0.009433962264150943,0.009433962264150943,7629.238866906472
2,103,0.009708737864077669,0.009708737864077669,7759.8922350755
3,103,0.009708737864077669,0.009708737864077669,7759.8922350755
4,104,0.009615384615384616,0.009615384615384616,8020.540501151163
