individual_id,T,alpha,eta,fitness
0,107,0.009345794392523364,0.009345794392523364,8126.824494066544
1,108,0.009259259259259259,0.009259259259259259,8469.565739563255
2,108,0.009259259259259259,0.009259259259259259,8469.565739563255
3,109,0.009174311926605505,0.009174311926605505,8548.312141490474
4,109,0.009174311926605505,0.009174311926605505,8548.312141490474
