individual_id,T,alpha,eta,fitness
0,77,0.012987012987012988,0.012987012987012988,4355.230849804077
1,77,0.012987012987012988,0.012987012987012988,4355.230849804077
2,77,0.012987012987012988,0.012987012987012988,4355.230849804077
3,77,0.012987012987012988,0.012987012987012988,4355.230849804077
4,77,0.012987012987012988,0.012987012987012988,4355.230849804077
