individual_id,T,alpha,eta,fitness
0,94,0.010638297872340425,0.010638297872340425,6238.13927902514
1,97,0.010309278350515464,0.010309278350515464,6756.595448060374
2,102,0.00980392156862745,0.00980392156862745,6818.079314755564
3,96,0.010416666666666666,0.010416666666666666,6959.888726907645
4,99,0.010101010101010102,0.010101010101010102,7039.870354151067
