individual_id,T,alpha,eta,fitness
0,115,0.008695652173913044,0.008695652173913044,11155.006910088456
1,115,0.008695652173913044,0.008695652173913044,11155.006910088456
2,133,0.007518796992481203,0.007518796992481203,17596.84016895162
3,133,0.007518796992481203,0.007518796992481203,17596.84016895162
4,138,0.007246376811594203,0.007246376811594203,17624.666933585977
