{
  "algorithm": "ES",
  "best_T": 77,
  "best_alpha": 0.012987012987012988,
  "best_eta": 0.012987012987012988,
  "best_perplexity": 4355.230849804077,
  "total_time": 438.0532668000087,
  "avg_step_time": 20.857972495241224,
  "stopped_early": false,
  "num_iterations": 21,
  "initial_population": [
    733,
    811,
    133,
    355,
    777,
    115,
    452,
    940,
    879,
    345,
    576,
    153,
    950,
    602,
    162,
    238,
    422,
    511,
    660,
    285
  ]
}