individual_id,T,alpha,eta,fitness
0,86,0.011627906976744186,0.011627906976744186,2148.736943261475
1,88,0.011363636363636364,0.011363636363636364,2160.317040985855
2,88,0.011363636363636364,0.011363636363636364,2160.317040985855
3,88,0.011363636363636364,0.011363636363636364,2160.317040985855
4,88,0.011363636363636364,0.011363636363636364,2160.317040985855
