individual_id,T,alpha,eta,fitness
0,86,0.011627906976744186,0.011627906976744186,2148.736943261475
1,86,0.011627906976744186,0.011627906976744186,2148.736943261475
2,86,0.011627906976744186,0.011627906976744186,2148.736943261475
3,86,0.011627906976744186,0.011627906976744186,2148.736943261475
4,86,0.011627906976744186,0.011627906976744186,2148.736943261475
