individual_id,T,alpha,eta,fitness
0,91,0.01098901098901099,0.01098901098901099,2219.0731167574627
1,99,0.010101010101010102,0.010101010101010102,2303.9408851886164
2,99,0.010101010101010102,0.010101010101010102,2303.9408851886164
3,99,0.010101010101010102,0.010101010101010102,2303.9408851886164
4,99,0.010101010101010102,0.010101010101010102,2303.9408851886164
