individual_id,T,alpha,eta,fitness
0,115,0.008695652173913044,0.008695652173913044,2565.1186599591947
1,133,0.007518796992481203,0.007518796992481203,3186.9232493613854
2,153,0.006535947712418301,0.006535947712418301,3845.644749171511
3,162,0.006172839506172839,0.006172839506172839,4244.530068582184
4,238,0.004201680672268907,0.004201680672268907,11079.205295388074
