individual_id,T,alpha,eta,fitness
0,88,0.011363636363636364,0.011363636363636364,2160.317040985855
1,88,0.011363636363636364,0.011363636363636364,2160.317040985855
2,91,0.01098901098901099,0.01098901098901099,2219.0731167574627
3,89,0.011235955056179775,0.011235955056179775,2242.1703402437643
4,93,0.010752688172043012,0.010752688172043012,2265.2938413987845
