individual_id,T,alpha,eta,fitness
0,88,0.011363636363636364,0.011363636363636364,2160.317040985855
1,91,0.01098901098901099,0.01098901098901099,2219.0731167574627
2,93,0.010752688172043012,0.010752688172043012,2265.2938413987845
3,99,0.010101010101010102,0.010101010101010102,2303.9408851886164
4,99,0.010101010101010102,0.010101010101010102,2303.9408851886164
