individual_id,T,alpha,eta,fitness
0,99,0.010101010101010102,0.010101010101010102,2303.9408851886164
1,99,0.010101010101010102,0.010101010101010102,2303.9408851886164
2,99,0.010101010101010102,0.010101010101010102,2303.9408851886164
3,95,0.010526315789473684,0.010526315789473684,2339.955930718505
4,104,0.009615384615384616,0.009615384615384616,2401.246502352989
