individual_id,T,alpha,eta,fitness
0,111,0.009009009009009009,0.009009009009009009,2464.538361830942
1,111,0.009009009009009009,0.009009009009009009,2464.538361830942
2,111,0.009009009009009009,0.009009009009009009,2464.538361830942
3,107,0.009345794392523364,0.009345794392523364,2499.37428770285
4,106,0.009433962264150943,0.009433962264150943,2513.1074790129105
