individual_id,T,alpha,eta,fitness
0,99,0.010101010101010102,0.010101010101010102,2303.9408851886164
1,104,0.009615384615384616,0.009615384615384616,2401.246502352989
2,104,0.009615384615384616,0.009615384615384616,2401.246502352989
3,104,0.009615384615384616,0.009615384615384616,2401.246502352989
4,104,0.009615384615384616,0.009615384615384616,2401.246502352989
