individual_id,T,alpha,eta,fitness
0,111,0.009009009009009009,0.009009009009009009,2464.538361830942
1,111,0.009009009009009009,0.009009009009009009,2464.538361830942
2,110,0.00909090909090909,0.00909090909090909,2549.5239253679892
3,110,0.00909090909090909,0.00909090909090909,2549.5239253679892
4,110,0.00909090909090909,0.00909090909090909,2549.5239253679892
