individual_id,T,alpha,eta,fitness
0,104,0.009615384615384616,0.009615384615384616,2401.246502352989
1,103,0.009708737864077669,0.009708737864077669,2421.723430339341
2,111,0.009009009009009009,0.009009009009009009,2464.538361830942
3,111,0.009009009009009009,0.009009009009009009,2464.538361830942
4,111,0.009009009009009009,0.009009009009009009,2464.538361830942
