{
  "algorithm": "ES",
  "best_T": 86,
  "best_alpha": 0.011627906976744186,
  "best_eta": 0.011627906976744186,
  "best_perplexity": 2148.736943261475,
  "total_time": 326.74181070004124,
  "avg_step_time": 15.557399290480785,
  "stopped_early": false,
  "num_iterations": 21,
  "initial_population": [
    733,
    811,
    133,
    355,
    777,
    115,
    452,
    940,
    879,
    345,
    576,
    153,
    950,
    602,
    162,
    238,
    422,
    511,
    660,
    285
  ]
}