individual_id,T,alpha,eta,fitness
0,82,0.012195121951219513,0.012195121951219513,2021.3822670356703
1,82,0.012195121951219513,0.012195121951219513,2021.3822670356703
2,82,0.012195121951219513,0.012195121951219513,2021.3822670356703
3,82,0.012195121951219513,0.012195121951219513,2021.3822670356703
4,83,0.012048192771084338,0.012048192771084338,2038.1252201436885
