individual_id,T,alpha,eta,fitness
0,114,0.008771929824561403,0.008771929824561403,2525.320868573279
1,117,0.008547008547008548,0.008547008547008548,2586.7880461419886
2,115,0.008695652173913044,0.008695652173913044,2598.725847548679
3,112,0.008928571428571428,0.008928571428571428,2602.987307318259
4,111,0.009009009009009009,0.009009009009009009,2640.757900242815
