individual_id,T,alpha,eta,fitness
0,87,0.011494252873563218,0.011494252873563218,2083.4213262685366
1,89,0.011235955056179775,0.011235955056179775,2148.4557393002337
2,90,0.011111111111111112,0.011111111111111112,2192.765785831658
3,93,0.010752688172043012,0.010752688172043012,2223.2089021796824
4,93,0.010752688172043012,0.010752688172043012,2223.2089021796824
