individual_id,T,alpha,eta,fitness
0,93,0.010752688172043012,0.010752688172043012,2223.2089021796824
1,97,0.010309278350515464,0.010309278350515464,2289.6318448150523
2,94,0.010638297872340425,0.010638297872340425,2296.88011267075
3,99,0.010101010101010102,0.010101010101010102,2308.0006870892757
4,99,0.010101010101010102,0.010101010101010102,2308.0006870892757
