individual_id,T,alpha,eta,fitness
0,106,0.009433962264150943,0.009433962264150943,2455.8006125728625
1,108,0.009259259259259259,0.009259259259259259,2521.577677905696
2,114,0.008771929824561403,0.008771929824561403,2525.320868573279
3,114,0.008771929824561403,0.008771929824561403,2525.320868573279
4,114,0.008771929824561403,0.008771929824561403,2525.320868573279
