individual_id,T,alpha,eta,fitness
0,79,0.012658227848101266,0.012658227848101266,1999.458303314434
1,79,0.012658227848101266,0.012658227848101266,1999.458303314434
2,82,0.012195121951219513,0.012195121951219513,2021.3822670356703
3,82,0.012195121951219513,0.012195121951219513,2021.3822670356703
4,82,0.012195121951219513,0.012195121951219513,2021.3822670356703
