individual_id,T,alpha,eta,fitness
0,99,0.010101010101010102,0.010101010101010102,2308.0006870892757
1,99,0.010101010101010102,0.010101010101010102,2308.0006870892757
2,104,0.009615384615384616,0.009615384615384616,2379.51738540404
3,103,0.009708737864077669,0.009708737864077669,2412.7314029205445
4,103,0.009708737864077669,0.009708737864077669,2412.7314029205445
