individual_id,T,alpha,eta,fitness
0,103,0.009708737864077669,0.009708737864077669,2412.7314029205445
1,103,0.009708737864077669,0.009708737864077669,2412.7314029205445
2,107,0.009345794392523364,0.009345794392523364,2426.4607384171118
3,106,0.009433962264150943,0.009433962264150943,2455.8006125728625
4,106,0.009433962264150943,0.009433962264150943,2455.8006125728625
