individual_id,T,alpha,eta,fitness
0,108,0.009259259259259259,0.009259259259259259,2521.577677905696
1,114,0.008771929824561403,0.008771929824561403,2525.320868573279
2,114,0.008771929824561403,0.008771929824561403,2525.320868573279
3,109,0.009174311926605505,0.009174311926605505,2581.564815020512
4,109,0.009174311926605505,0.009174311926605505,2581.564815020512
