individual_id,T,alpha,eta,fitness
0,84,0.011904761904761904,0.011904761904761904,2042.7848830541132
1,87,0.011494252873563218,0.011494252873563218,2083.4213262685366
2,85,0.011764705882352941,0.011764705882352941,2097.3068038799584
3,89,0.011235955056179775,0.011235955056179775,2148.4557393002337
4,89,0.011235955056179775,0.011235955056179775,2148.4557393002337
