individual_id,T,alpha,eta,fitness
0,115,0.008695652173913044,0.008695652173913044,2598.725847548679
1,133,0.007518796992481203,0.007518796992481203,3129.3728474903164
2,153,0.006535947712418301,0.006535947712418301,3744.425227412626
3,162,0.006172839506172839,0.006172839506172839,4177.977808085159
4,238,0.004201680672268907,0.004201680672268907,10695.506335190168
