individual_id,T,alpha,eta,fitness
0,74,0.013513513513513514,0.013513513513513514,1991.535760792711
1,75,0.013333333333333334,0.013333333333333334,1998.8929374934085
2,79,0.012658227848101266,0.012658227848101266,1999.458303314434
3,79,0.012658227848101266,0.012658227848101266,1999.458303314434
4,79,0.012658227848101266,0.012658227848101266,1999.458303314434
