individual_id,T,alpha,eta,fitness
0,82,0.012195121951219513,0.012195121951219513,2021.3822670356703
1,83,0.012048192771084338,0.012048192771084338,2038.1252201436885
2,83,0.012048192771084338,0.012048192771084338,2038.1252201436885
3,83,0.012048192771084338,0.012048192771084338,2038.1252201436885
4,84,0.011904761904761904,0.011904761904761904,2042.7848830541132
