individual_id,T,alpha,eta,fitness
0,69,0.014492753623188406,0.014492753623188406,1934.6089607862318
1,73,0.0136986301369863,0.0136986301369863,1948.530977680994
2,73,0.0136986301369863,0.0136986301369863,1948.530977680994
3,73,0.0136986301369863,0.0136986301369863,1948.530977680994
4,74,0.013513513513513514,0.013513513513513514,1991.535760792711
