individual_id,T,alpha,eta,fitness
0,90,0.011111111111111112,0.011111111111111112,2192.765785831658
1,93,0.010752688172043012,0.010752688172043012,2223.2089021796824
2,93,0.010752688172043012,0.010752688172043012,2223.2089021796824
3,97,0.010309278350515464,0.010309278350515464,2289.6318448150523
4,97,0.010309278350515464,0.010309278350515464,2289.6318448150523
