{
  "algorithm": "ES",
  "best_T": 69,
  "best_alpha": 0.014492753623188406,
  "best_eta": 0.014492753623188406,
  "best_perplexity": 1934.6089607862318,
  "total_time": 415.0436081000371,
  "avg_step_time": 19.76227749523241,
  "stopped_early": false,
  "num_iterations": 21,
  "initial_population": [
    733,
    811,
    133,
    355,
    777,
    115,
    452,
    940,
    879,
    345,
    576,
    153,
    950,
    602,
    162,
    238,
    422,
    511,
    660,
    285
  ]
}