{
  "results": [
    {
      "algorithm": "GA",
      "best_T": 11,
      "best_perplexity": 1679.3090664465396,
      "total_time": 1222.4120762910024
    },
    {
      "algorithm": "ES",
      "best_T": 11,
      "best_perplexity": 1679.3090664465396,
      "total_time": 131.34699108400673
    },
    {
      "algorithm": "PABBO_Full",
      "best_T": 12,
      "best_perplexity": 1724.5831698517404,
      "total_time": 142.38259620899044
    }
  ],
  "best_algorithm": "GA",
  "best_perplexity": 1679.3090664465396
}