iter,best_perplexity,pop_mean,pop_std,pop_min,pop_max,T_best,alpha_best,eta_best,step_time,cum_time,no_improvement_count,relative_change_pct
-1,2686.6991917889427,3.064056478797772e+43,1.1405007880615103e+44,2686.6991917889427,5.198967536208672e+44,33,0.030303030303030304,0.030303030303030304,0.0,0.0,0,0.0
0,2686.6991917889427,295146004.9952653,915446224.8149363,2686.6991917889427,3735110167.618507,33,0.030303030303030304,0.030303030303030304,150.9679924580123,851.8120931250014,1,0.0
1,2686.6991917889427,71156.0137665504,288682.7183596214,2686.6991917889427,1329429.7978430565,33,0.030303030303030304,0.030303030303030304,10.77126166599919,862.5848584170017,2,0.0
2,2686.6991917889427,3571.794906111394,1550.6235946704476,2686.6991917889427,10132.732868129995,33,0.030303030303030304,0.030303030303030304,0.00013524999667424709,862.5859049169958,3,0.0
3,2686.6991917889427,2904.685129524279,290.0017319201519,2686.6991917889427,3432.8015743632477,33,0.030303030303030304,0.030303030303030304,13.513694249995751,876.100277791993,4,0.0
4,2686.6991917889427,2693.9342419405393,31.536852462261987,2686.6991917889427,2831.400194820892,33,0.030303030303030304,0.030303030303030304,0.00010949998977594078,876.1013035829965,5,0.0
