{
  "algorithm": "GA",
  "best_T": 33,
  "best_alpha": 0.030303030303030304,
  "best_eta": 0.030303030303030304,
  "best_perplexity": 2686.6991917889427,
  "total_time": 876.1019446669961,
  "avg_step_time": 29.208865520665615,
  "stopped_early": true,
  "num_iterations": 6,
  "initial_population": [
    733,
    811,
    33,
    355,
    777,
    115,
    452,
    940,
    879,
    345,
    576,
    53,
    950,
    602,
    162,
    238,
    422,
    511,
    660,
    285
  ]
}