{
  "results": [
    {
      "algorithm": "GA",
      "best_T": 2,
      "best_perplexity": 2193.0700850651906,
      "total_time": 963.1988258750062
    },
    {
      "algorithm": "ES",
      "best_T": 2,
      "best_perplexity": 2193.0700850651906,
      "total_time": 127.84112137500779
    },
    {
      "algorithm": "PABBO_Full",
      "best_T": 12,
      "best_perplexity": 2375.3157016456253,
      "total_time": 131.78577258400037
    }
  ],
  "best_algorithm": "GA",
  "best_perplexity": 2193.0700850651906
}