individual_id,T,alpha,eta,fitness
0,111,0.009009009009009009,0.009009009009009009,2593.669961605582
1,115,0.008695652173913044,0.008695652173913044,2621.0336264019356
2,114,0.008771929824561403,0.008771929824561403,2652.9364876604363
3,116,0.008620689655172414,0.008620689655172414,2683.4318349693535
4,133,0.007518796992481203,0.007518796992481203,3007.053247904044
