individual_id,T,alpha,eta,fitness
0,78,0.01282051282051282,0.01282051282051282,1994.0207420428042
1,71,0.014084507042253521,0.014084507042253521,1994.924728328145
2,76,0.013157894736842105,0.013157894736842105,2021.77409433496
3,76,0.013157894736842105,0.013157894736842105,2021.77409433496
4,76,0.013157894736842105,0.013157894736842105,2021.77409433496
