individual_id,T,alpha,eta,fitness
0,85,0.011764705882352941,0.011764705882352941,2131.594185381933
1,81,0.012345679012345678,0.012345679012345678,2151.7915057266837
2,81,0.012345679012345678,0.012345679012345678,2151.7915057266837
3,88,0.011363636363636364,0.011363636363636364,2158.6274978613
4,88,0.011363636363636364,0.011363636363636364,2158.6274978613
