individual_id,T,alpha,eta,fitness
0,94,0.010638297872340425,0.010638297872340425,2257.0966650841233
1,90,0.011111111111111112,0.011111111111111112,2261.8005129263065
2,93,0.010752688172043012,0.010752688172043012,2295.2869761860293
3,97,0.010309278350515464,0.010309278350515464,2312.190380813771
4,98,0.01020408163265306,0.01020408163265306,2315.2686115196543
