individual_id,T,alpha,eta,fitness
0,106,0.009433962264150943,0.009433962264150943,2468.8209489834912
1,107,0.009345794392523364,0.009345794392523364,2484.4085891122804
2,112,0.008928571428571428,0.008928571428571428,2487.571079996184
3,112,0.008928571428571428,0.008928571428571428,2487.571079996184
4,108,0.009259259259259259,0.009259259259259259,2510.6760850718806
