individual_id,T,alpha,eta,fitness
0,80,0.0125,0.0125,2071.1998602628514
1,80,0.0125,0.0125,2071.1998602628514
2,83,0.012048192771084338,0.012048192771084338,2082.1296057785808
3,83,0.012048192771084338,0.012048192771084338,2082.1296057785808
4,85,0.011764705882352941,0.011764705882352941,2131.594185381933
