individual_id,T,alpha,eta,fitness
0,113,0.008849557522123894,0.008849557522123894,2573.69051982902
1,111,0.009009009009009009,0.009009009009009009,2593.669961605582
2,111,0.009009009009009009,0.009009009009009009,2593.669961605582
3,115,0.008695652173913044,0.008695652173913044,2621.0336264019356
4,114,0.008771929824561403,0.008771929824561403,2652.9364876604363
