individual_id,T,alpha,eta,fitness
0,76,0.013157894736842105,0.013157894736842105,2021.77409433496
1,79,0.012658227848101266,0.012658227848101266,2069.572079749597
2,79,0.012658227848101266,0.012658227848101266,2069.572079749597
3,80,0.0125,0.0125,2071.1998602628514
4,80,0.0125,0.0125,2071.1998602628514
