individual_id,T,alpha,eta,fitness
0,79,0.012658227848101266,0.012658227848101266,2069.572079749597
1,79,0.012658227848101266,0.012658227848101266,2069.572079749597
2,80,0.0125,0.0125,2071.1998602628514
3,80,0.0125,0.0125,2071.1998602628514
4,83,0.012048192771084338,0.012048192771084338,2082.1296057785808
