individual_id,T,alpha,eta,fitness
0,85,0.011764705882352941,0.011764705882352941,2131.594185381933
1,88,0.011363636363636364,0.011363636363636364,2158.6274978613
2,91,0.01098901098901099,0.01098901098901099,2175.3917109146605
3,87,0.011494252873563218,0.011494252873563218,2190.3573836637456
4,87,0.011494252873563218,0.011494252873563218,2190.3573836637456
