individual_id,T,alpha,eta,fitness
0,94,0.010638297872340425,0.010638297872340425,2257.0966650841233
1,97,0.010309278350515464,0.010309278350515464,2312.190380813771
2,98,0.01020408163265306,0.01020408163265306,2315.2686115196543
3,95,0.010526315789473684,0.010526315789473684,2365.153630255754
4,102,0.00980392156862745,0.00980392156862745,2381.7296964213383
