individual_id,T,alpha,eta,fitness
0,106,0.009433962264150943,0.009433962264150943,2468.8209489834912
1,107,0.009345794392523364,0.009345794392523364,2484.4085891122804
2,113,0.008849557522123894,0.008849557522123894,2573.69051982902
3,113,0.008849557522123894,0.008849557522123894,2573.69051982902
4,113,0.008849557522123894,0.008849557522123894,2573.69051982902
