individual_id,T,alpha,eta,fitness
0,76,0.013157894736842105,0.013157894736842105,2021.77409433496
1,76,0.013157894736842105,0.013157894736842105,2021.77409433496
2,76,0.013157894736842105,0.013157894736842105,2021.77409433496
3,79,0.012658227848101266,0.012658227848101266,2069.572079749597
4,79,0.012658227848101266,0.012658227848101266,2069.572079749597
