individual_id,T,alpha,eta,fitness
0,92,0.010869565217391304,0.010869565217391304,2250.760256115339
1,92,0.010869565217391304,0.010869565217391304,2250.760256115339
2,94,0.010638297872340425,0.010638297872340425,2257.0966650841233
3,94,0.010638297872340425,0.010638297872340425,2257.0966650841233
4,90,0.011111111111111112,0.011111111111111112,2261.8005129263065
