{
  "algorithm": "ES",
  "best_T": 72,
  "best_alpha": 0.013888888888888888,
  "best_eta": 0.013888888888888888,
  "best_perplexity": 1987.9390313281904,
  "total_time": 465.4572863000212,
  "avg_step_time": 22.162879190474218,
  "stopped_early": false,
  "num_iterations": 21,
  "initial_population": [
    733,
    811,
    133,
    355,
    777,
    115,
    452,
    940,
    879,
    345,
    576,
    153,
    950,
    602,
    162,
    238,
    422,
    511,
    660,
    285
  ]
}