individual_id,T,alpha,eta,fitness
0,30,0.03333333333333333,0.03333333333333333,1704.1400447199096
1,30,0.03333333333333333,0.03333333333333333,1704.1400447199096
2,30,0.03333333333333333,0.03333333333333333,1704.1400447199096
3,30,0.03333333333333333,0.03333333333333333,1704.1400447199096
4,30,0.03333333333333333,0.03333333333333333,1704.1400447199096
