individual_id,T,alpha,eta,fitness
0,33,0.030303030303030304,0.030303030303030304,1747.7423722477258
1,53,0.018867924528301886,0.018867924528301886,1887.478476869595
2,115,0.008695652173913044,0.008695652173913044,2611.6399486103724
3,162,0.006172839506172839,0.006172839506172839,4117.485064262015
4,238,0.004201680672268907,0.004201680672268907,11761.743716789446
