individual_id,T,alpha,eta,fitness
0,30,0.03333333333333333,0.03333333333333333,1704.1400447199096
1,32,0.03125,0.03125,1714.3144330228017
2,32,0.03125,0.03125,1714.3144330228017
3,32,0.03125,0.03125,1714.3144330228017
4,26,0.038461538461538464,0.038461538461538464,1714.9006292146428
