individual_id,T,alpha,eta,fitness
0,32,0.03125,0.03125,1714.3144330228017
1,33,0.030303030303030304,0.030303030303030304,1747.7423722477258
2,33,0.030303030303030304,0.030303030303030304,1747.7423722477258
3,38,0.02631578947368421,0.02631578947368421,1797.9181590722883
4,57,0.017543859649122806,0.017543859649122806,1876.0557941778156
