individual_id,T,alpha,eta,fitness
0,27,0.037037037037037035,0.037037037037037035,1761.4364419924366
1,26,0.038461538461538464,0.038461538461538464,1767.3439647346509
2,31,0.03225806451612903,0.03225806451612903,1767.4272922932387
3,31,0.03225806451612903,0.03225806451612903,1767.4272922932387
4,31,0.03225806451612903,0.03225806451612903,1767.4272922932387
