individual_id,T,alpha,eta,fitness
0,24,0.041666666666666664,0.041666666666666664,1753.32101688021
1,27,0.037037037037037035,0.037037037037037035,1761.4364419924366
2,27,0.037037037037037035,0.037037037037037035,1761.4364419924366
3,26,0.038461538461538464,0.038461538461538464,1767.3439647346509
4,31,0.03225806451612903,0.03225806451612903,1767.4272922932387
