individual_id,T,alpha,eta,fitness
0,33,0.030303030303030304,0.030303030303030304,1833.291832408436
1,53,0.018867924528301886,0.018867924528301886,1977.1298207141576
2,115,0.008695652173913044,0.008695652173913044,2612.4285814460177
3,162,0.006172839506172839,0.006172839506172839,4056.7852335282532
4,238,0.004201680672268907,0.004201680672268907,11178.795995835842
