individual_id,T,alpha,eta,fitness
0,31,0.03225806451612903,0.03225806451612903,1767.4272922932387
1,31,0.03225806451612903,0.03225806451612903,1767.4272922932387
2,31,0.03225806451612903,0.03225806451612903,1767.4272922932387
3,31,0.03225806451612903,0.03225806451612903,1767.4272922932387
4,28,0.03571428571428571,0.03571428571428571,1768.574104443232
