individual_id,T,alpha,eta,fitness
0,29,0.034482758620689655,0.034482758620689655,1788.9635747206885
1,33,0.030303030303030304,0.030303030303030304,1833.291832408436
2,36,0.027777777777777776,0.027777777777777776,1854.8192224751945
3,48,0.020833333333333332,0.020833333333333332,1886.8941522427353
4,50,0.02,0.02,1904.2264043409566
