individual_id,T,alpha,eta,fitness
0,33,0.030303030303030304,0.030303030303030304,1833.291832408436
1,51,0.0196078431372549,0.0196078431372549,1918.0982035683946
2,56,0.017857142857142856,0.017857142857142856,1955.5700322312769
3,53,0.018867924528301886,0.018867924528301886,1977.1298207141576
4,115,0.008695652173913044,0.008695652173913044,2612.4285814460177
