individual_id,T,alpha,eta,fitness
0,31,0.03225806451612903,0.03225806451612903,1767.4272922932387
1,31,0.03225806451612903,0.03225806451612903,1767.4272922932387
2,28,0.03571428571428571,0.03571428571428571,1768.574104443232
3,34,0.029411764705882353,0.029411764705882353,1784.7152666107122
4,32,0.03125,0.03125,1786.338418599011
