{
  "algorithm": "ES",
  "best_T": 24,
  "best_alpha": 0.041666666666666664,
  "best_eta": 0.041666666666666664,
  "best_perplexity": 1753.32101688021,
  "total_time": 133.49732358301117,
  "avg_step_time": 14.832168360890742,
  "stopped_early": true,
  "num_iterations": 9,
  "initial_population": [
    733,
    811,
    33,
    355,
    777,
    115,
    452,
    940,
    879,
    345,
    576,
    53,
    950,
    602,
    162,
    238,
    422,
    511,
    660,
    285
  ]
}