individual_id,T,alpha,eta,fitness
0,22,0.045454545454545456,0.045454545454545456,2599.6740631350967
1,26,0.038461538461538464,0.038461538461538464,2683.7626561095367
2,26,0.038461538461538464,0.038461538461538464,2683.7626561095367
3,27,0.037037037037037035,0.037037037037037035,2710.8952581183758
4,24,0.041666666666666664,0.041666666666666664,2728.873790248254
