individual_id,T,alpha,eta,fitness
0,24,0.041666666666666664,0.041666666666666664,2728.873790248254
1,29,0.034482758620689655,0.034482758620689655,2732.465682781476
2,29,0.034482758620689655,0.034482758620689655,2732.465682781476
3,29,0.034482758620689655,0.034482758620689655,2732.465682781476
4,29,0.034482758620689655,0.034482758620689655,2732.465682781476
