individual_id,T,alpha,eta,fitness
0,29,0.034482758620689655,0.034482758620689655,2732.465682781476
1,30,0.03333333333333333,0.03333333333333333,2743.986361325885
2,32,0.03125,0.03125,2780.2406614664137
3,33,0.030303030303030304,0.030303030303030304,2797.679829040203
4,35,0.02857142857142857,0.02857142857142857,2881.222109326217
