individual_id,T,alpha,eta,fitness
0,22,0.045454545454545456,0.045454545454545456,2599.6740631350967
1,22,0.045454545454545456,0.045454545454545456,2599.6740631350967
2,26,0.038461538461538464,0.038461538461538464,2683.7626561095367
3,26,0.038461538461538464,0.038461538461538464,2683.7626561095367
4,26,0.038461538461538464,0.038461538461538464,2683.7626561095367
