individual_id,T,alpha,eta,fitness
0,33,0.030303030303030304,0.030303030303030304,2797.679829040203
1,53,0.018867924528301886,0.018867924528301886,3495.1426322362454
2,115,0.008695652173913044,0.008695652173913044,10279.07577750237
3,162,0.006172839506172839,0.006172839506172839,42235.614568469624
4,238,0.004201680672268907,0.004201680672268907,1195132.673038032
