individual_id,T,alpha,eta,fitness
0,7,0.14285714285714285,0.14285714285714285,2134.829088934426
1,7,0.14285714285714285,0.14285714285714285,2134.829088934426
2,7,0.14285714285714285,0.14285714285714285,2134.829088934426
3,7,0.14285714285714285,0.14285714285714285,2134.829088934426
4,7,0.14285714285714285,0.14285714285714285,2134.829088934426
