{
  "algorithm": "ES",
  "best_T": 7,
  "best_alpha": 0.14285714285714285,
  "best_eta": 0.14285714285714285,
  "best_perplexity": 2134.829088934426,
  "total_time": 84.93856104199949,
  "avg_step_time": 5.307839132810841,
  "stopped_early": true,
  "num_iterations": 16,
  "initial_population": [
    733,
    811,
    33,
    355,
    777,
    115,
    452,
    940,
    879,
    345,
    576,
    53,
    950,
    602,
    162,
    238,
    422,
    511,
    660,
    285
  ]
}