{
  "algorithm": "GA",
  "best_T": 34,
  "best_alpha": 0.029411764705882353,
  "best_eta": 0.029411764705882353,
  "best_perplexity": 1713.800921025981,
  "total_time": 1256.3501115420077,
  "avg_step_time": 61.80577008928646,
  "stopped_early": true,
  "num_iterations": 7,
  "initial_population": [
    733,
    811,
    33,
    355,
    777,
    115,
    452,
    940,
    879,
    345,
    576,
    53,
    950,
    602,
    162,
    238,
    422,
    511,
    660,
    285
  ]
}