{
  "algorithm": "GA",
  "best_T": 39,
  "best_alpha": 0.02564102564102564,
  "best_eta": 0.02564102564102564,
  "best_perplexity": 1672.723826606293,
  "total_time": 1826.239919399959,
  "avg_step_time": 38.941935899977885,
  "stopped_early": false,
  "num_iterations": 21,
  "initial_population": [
    733,
    811,
    133,
    355,
    777,
    115,
    452,
    940,
    879,
    345,
    576,
    153,
    950,
    602,
    162,
    238,
    422,
    511,
    660,
    285
  ]
}