individual_id,T,alpha,eta,fitness
0,58,0.017241379310344827,0.017241379310344827,1829.9673401397936
1,61,0.01639344262295082,0.01639344262295082,1860.1010346746089
2,61,0.01639344262295082,0.01639344262295082,1860.1010346746089
3,61,0.01639344262295082,0.01639344262295082,1860.1010346746089
4,63,0.015873015873015872,0.015873015873015872,1864.9413021492428
