individual_id,T,alpha,eta,fitness
0,91,0.01098901098901099,0.01098901098901099,2260.2180710231896
1,94,0.010638297872340425,0.010638297872340425,2274.3564406318787
2,92,0.010869565217391304,0.010869565217391304,2285.1732385396044
3,95,0.010526315789473684,0.010526315789473684,2289.778906390662
4,95,0.010526315789473684,0.010526315789473684,2289.778906390662
