individual_id,T,alpha,eta,fitness
0,56,0.017857142857142856,0.017857142857142856,1774.5480148753581
1,55,0.01818181818181818,0.01818181818181818,1799.6816207257493
2,58,0.017241379310344827,0.017241379310344827,1829.9673401397936
3,58,0.017241379310344827,0.017241379310344827,1829.9673401397936
4,60,0.016666666666666666,0.016666666666666666,1849.445838794568
