individual_id,T,alpha,eta,fitness
0,73,0.0136986301369863,0.0136986301369863,1981.8455093999166
1,75,0.013333333333333334,0.013333333333333334,2005.9468424372344
2,75,0.013333333333333334,0.013333333333333334,2005.9468424372344
3,79,0.012658227848101266,0.012658227848101266,2020.3006167364044
4,79,0.012658227848101266,0.012658227848101266,2020.3006167364044
