individual_id,T,alpha,eta,fitness
0,70,0.014285714285714285,0.014285714285714285,1939.0122029503514
1,71,0.014084507042253521,0.014084507042253521,1966.344528224745
2,73,0.0136986301369863,0.0136986301369863,1981.8455093999166
3,75,0.013333333333333334,0.013333333333333334,2005.9468424372344
4,75,0.013333333333333334,0.013333333333333334,2005.9468424372344
