individual_id,T,alpha,eta,fitness
0,83,0.012048192771084338,0.012048192771084338,2115.4162883228014
1,87,0.011494252873563218,0.011494252873563218,2147.8051493182948
2,88,0.011363636363636364,0.011363636363636364,2174.5024991892874
3,88,0.011363636363636364,0.011363636363636364,2174.5024991892874
4,89,0.011235955056179775,0.011235955056179775,2194.8334992031055
