individual_id,T,alpha,eta,fitness
0,111,0.009009009009009009,0.009009009009009009,2607.976499376658
1,111,0.009009009009009009,0.009009009009009009,2607.976499376658
2,110,0.00909090909090909,0.00909090909090909,2609.4696602471004
3,113,0.008849557522123894,0.008849557522123894,2696.3464441390943
4,114,0.008771929824561403,0.008771929824561403,2733.547361864883
