individual_id,T,alpha,eta,fitness
0,115,0.008695652173913044,0.008695652173913044,2755.369247236001
1,117,0.008547008547008548,0.008547008547008548,2846.443571709882
2,131,0.007633587786259542,0.007633587786259542,3276.6252220727
3,133,0.007518796992481203,0.007518796992481203,3446.1002232898
4,136,0.007352941176470588,0.007352941176470588,3474.7555625900086
