individual_id,T,alpha,eta,fitness
0,84,0.011904761904761904,0.011904761904761904,2103.974462229258
1,82,0.012195121951219513,0.012195121951219513,2107.6720137270713
2,83,0.012048192771084338,0.012048192771084338,2115.4162883228014
3,83,0.012048192771084338,0.012048192771084338,2115.4162883228014
4,83,0.012048192771084338,0.012048192771084338,2115.4162883228014
