individual_id,T,alpha,eta,fitness
0,115,0.008695652173913044,0.008695652173913044,2755.369247236001
1,133,0.007518796992481203,0.007518796992481203,3446.1002232898
2,153,0.006535947712418301,0.006535947712418301,4258.106090744356
3,162,0.006172839506172839,0.006172839506172839,4924.462063608098
4,238,0.004201680672268907,0.004201680672268907,21177.75614025388
