individual_id,T,alpha,eta,fitness
0,104,0.009615384615384616,0.009615384615384616,2503.428435163441
1,106,0.009433962264150943,0.009433962264150943,2511.878949552306
2,106,0.009433962264150943,0.009433962264150943,2511.878949552306
3,106,0.009433962264150943,0.009433962264150943,2511.878949552306
4,105,0.009523809523809525,0.009523809523809525,2515.316034992672
