individual_id,T,alpha,eta,fitness
0,106,0.009433962264150943,0.009433962264150943,2511.878949552306
1,107,0.009345794392523364,0.009345794392523364,2537.243215104678
2,108,0.009259259259259259,0.009259259259259259,2597.966742415538
3,111,0.009009009009009009,0.009009009009009009,2607.976499376658
4,111,0.009009009009009009,0.009009009009009009,2607.976499376658
