individual_id,T,alpha,eta,fitness
0,75,0.013333333333333334,0.013333333333333334,2005.9468424372344
1,75,0.013333333333333334,0.013333333333333334,2005.9468424372344
2,79,0.012658227848101266,0.012658227848101266,2020.3006167364044
3,79,0.012658227848101266,0.012658227848101266,2020.3006167364044
4,79,0.012658227848101266,0.012658227848101266,2020.3006167364044
