individual_id,T,alpha,eta,fitness
0,61,0.01639344262295082,0.01639344262295082,1860.1010346746089
1,62,0.016129032258064516,0.016129032258064516,1866.2172350794226
2,66,0.015151515151515152,0.015151515151515152,1905.8105425101649
3,66,0.015151515151515152,0.015151515151515152,1905.8105425101649
4,66,0.015151515151515152,0.015151515151515152,1905.8105425101649
