individual_id,T,alpha,eta,fitness
0,87,0.011494252873563218,0.011494252873563218,2147.8051493182948
1,88,0.011363636363636364,0.011363636363636364,2174.5024991892874
2,90,0.011111111111111112,0.011111111111111112,2218.4811086206537
3,90,0.011111111111111112,0.011111111111111112,2218.4811086206537
4,90,0.011111111111111112,0.011111111111111112,2218.4811086206537
