individual_id,T,alpha,eta,fitness
0,66,0.015151515151515152,0.015151515151515152,1905.8105425101649
1,70,0.014285714285714285,0.014285714285714285,1939.0122029503514
2,70,0.014285714285714285,0.014285714285714285,1939.0122029503514
3,70,0.014285714285714285,0.014285714285714285,1939.0122029503514
4,71,0.014084507042253521,0.014084507042253521,1966.344528224745
