individual_id,T,alpha,eta,fitness
0,66,0.015151515151515152,0.015151515151515152,1905.8105425101649
1,67,0.014925373134328358,0.014925373134328358,1917.9942943350072
2,68,0.014705882352941176,0.014705882352941176,1920.256197519639
3,70,0.014285714285714285,0.014285714285714285,1939.0122029503514
4,70,0.014285714285714285,0.014285714285714285,1939.0122029503514
