individual_id,T,alpha,eta,fitness
0,99,0.010101010101010102,0.010101010101010102,2402.0863783130926
1,99,0.010101010101010102,0.010101010101010102,2402.0863783130926
2,104,0.009615384615384616,0.009615384615384616,2503.428435163441
3,104,0.009615384615384616,0.009615384615384616,2503.428435163441
4,106,0.009433962264150943,0.009433962264150943,2511.878949552306
