individual_id,T,alpha,eta,fitness
0,79,0.012658227848101266,0.012658227848101266,2020.3006167364044
1,79,0.012658227848101266,0.012658227848101266,2020.3006167364044
2,79,0.012658227848101266,0.012658227848101266,2020.3006167364044
3,81,0.012345679012345678,0.012345679012345678,2039.87583242633
4,81,0.012345679012345678,0.012345679012345678,2039.87583242633
