individual_id,T,alpha,eta,fitness
0,111,0.009009009009009009,0.009009009009009009,2607.976499376658
1,114,0.008771929824561403,0.008771929824561403,2733.547361864883
2,115,0.008695652173913044,0.008695652173913044,2755.369247236001
3,116,0.008620689655172414,0.008620689655172414,2810.5241859161706
4,118,0.00847457627118644,0.00847457627118644,2829.150018898253
