{
  "algorithm": "ES",
  "best_T": 56,
  "best_alpha": 0.017857142857142856,
  "best_eta": 0.017857142857142856,
  "best_perplexity": 1774.5480148753581,
  "total_time": 532.402996400022,
  "avg_step_time": 25.350909209527476,
  "stopped_early": false,
  "num_iterations": 21,
  "initial_population": [
    733,
    811,
    133,
    355,
    777,
    115,
    452,
    940,
    879,
    345,
    576,
    153,
    950,
    602,
    162,
    238,
    422,
    511,
    660,
    285
  ]
}