{
  "algorithm": "PABBO_Full",
  "best_T": 8,
  "best_alpha": 0.125,
  "best_eta": 0.125,
  "best_perplexity": 1703.291034930608,
  "total_time": 256.23616470000707,
  "avg_step_time": 12.201722128571765,
  "stopped_early": false,
  "num_iterations": 21,
  "initial_population": [
    733,
    811,
    133,
    355,
    777,
    115,
    452,
    940,
    879,
    345,
    576,
    153,
    950,
    602,
    162,
    238,
    422,
    511,
    660,
    285
  ]
}