individual_id,T,alpha,eta,fitness
0,77,0.012987012987012988,0.012987012987012988,2035.947457978369
1,78,0.01282051282051282,0.01282051282051282,2038.3370363674967
2,80,0.0125,0.0125,2061.155597025694
3,80,0.0125,0.0125,2061.155597025694
4,82,0.012195121951219513,0.012195121951219513,2073.9137434332088
