individual_id,T,alpha,eta,fitness
0,115,0.008695652173913044,0.008695652173913044,2746.394513962531
1,133,0.007518796992481203,0.007518796992481203,3526.8224127853305
2,153,0.006535947712418301,0.006535947712418301,4484.3048658844245
3,162,0.006172839506172839,0.006172839506172839,5113.554282692887
4,238,0.004201680672268907,0.004201680672268907,21209.18652950379
