individual_id,T,alpha,eta,fitness
0,69,0.014492753623188406,0.014492753623188406,1922.5104866817073
1,74,0.013513513513513514,0.013513513513513514,1946.930965109791
2,74,0.013513513513513514,0.013513513513513514,1946.930965109791
3,74,0.013513513513513514,0.013513513513513514,1946.930965109791
4,73,0.0136986301369863,0.0136986301369863,1966.127614044017
