individual_id,T,alpha,eta,fitness
0,74,0.013513513513513514,0.013513513513513514,1946.930965109791
1,73,0.0136986301369863,0.0136986301369863,1966.127614044017
2,75,0.013333333333333334,0.013333333333333334,2033.3993458308714
3,75,0.013333333333333334,0.013333333333333334,2033.3993458308714
4,77,0.012987012987012988,0.012987012987012988,2035.947457978369
