individual_id,T,alpha,eta,fitness
0,80,0.0125,0.0125,2061.155597025694
1,82,0.012195121951219513,0.012195121951219513,2073.9137434332088
2,81,0.012345679012345678,0.012345679012345678,2112.54361675725
3,84,0.011904761904761904,0.011904761904761904,2118.020929466593
4,86,0.011627906976744186,0.011627906976744186,2142.687459983699
