individual_id,T,alpha,eta,fitness
0,58,0.017241379310344827,0.017241379310344827,1809.9881318496375
1,65,0.015384615384615385,0.015384615384615385,1843.3569890890158
2,65,0.015384615384615385,0.015384615384615385,1843.3569890890158
3,62,0.016129032258064516,0.016129032258064516,1846.4536148116013
4,62,0.016129032258064516,0.016129032258064516,1846.4536148116013
