individual_id,T,alpha,eta,fitness
0,109,0.009174311926605505,0.009174311926605505,2558.0596602700384
1,110,0.00909090909090909,0.00909090909090909,2581.1509489762493
2,110,0.00909090909090909,0.00909090909090909,2581.1509489762493
3,111,0.009009009009009009,0.009009009009009009,2614.148423529565
4,114,0.008771929824561403,0.008771929824561403,2704.5453081044557
