individual_id,T,alpha,eta,fitness
0,54,0.018518518518518517,0.018518518518518517,1799.1731294970334
1,58,0.017241379310344827,0.017241379310344827,1809.9881318496375
2,65,0.015384615384615385,0.015384615384615385,1843.3569890890158
3,65,0.015384615384615385,0.015384615384615385,1843.3569890890158
4,59,0.01694915254237288,0.01694915254237288,1845.9541993960836
