individual_id,T,alpha,eta,fitness
0,105,0.009523809523809525,0.009523809523809525,2510.889255961791
1,105,0.009523809523809525,0.009523809523809525,2510.889255961791
2,106,0.009433962264150943,0.009433962264150943,2530.52390181526
3,109,0.009174311926605505,0.009174311926605505,2558.0596602700384
4,109,0.009174311926605505,0.009174311926605505,2558.0596602700384
