individual_id,T,alpha,eta,fitness
0,93,0.010752688172043012,0.010752688172043012,2265.8075824141683
1,96,0.010416666666666666,0.010416666666666666,2291.8431026712938
2,94,0.010638297872340425,0.010638297872340425,2298.724031678314
3,97,0.010309278350515464,0.010309278350515464,2331.4781867063166
4,97,0.010309278350515464,0.010309278350515464,2331.4781867063166
