individual_id,T,alpha,eta,fitness
0,65,0.015384615384615385,0.015384615384615385,1843.3569890890158
1,62,0.016129032258064516,0.016129032258064516,1846.4536148116013
2,63,0.015873015873015872,0.015873015873015872,1875.4553713163284
3,69,0.014492753623188406,0.014492753623188406,1922.5104866817073
4,66,0.015151515151515152,0.015151515151515152,1938.3906315166153
