individual_id,T,alpha,eta,fitness
0,114,0.008771929824561403,0.008771929824561403,2704.5453081044557
1,115,0.008695652173913044,0.008695652173913044,2746.394513962531
2,117,0.008547008547008548,0.008547008547008548,2874.776656615044
3,135,0.007407407407407408,0.007407407407407408,3475.836646522424
4,133,0.007518796992481203,0.007518796992481203,3526.8224127853305
