individual_id,T,alpha,eta,fitness
0,65,0.015384615384615385,0.015384615384615385,1843.3569890890158
1,62,0.016129032258064516,0.016129032258064516,1846.4536148116013
2,62,0.016129032258064516,0.016129032258064516,1846.4536148116013
3,63,0.015873015873015872,0.015873015873015872,1875.4553713163284
4,64,0.015625,0.015625,1879.0426933151896
