individual_id,T,alpha,eta,fitness
0,84,0.011904761904761904,0.011904761904761904,2118.020929466593
1,85,0.011764705882352941,0.011764705882352941,2164.410706650388
2,88,0.011363636363636364,0.011363636363636364,2177.6073992152355
3,89,0.011235955056179775,0.011235955056179775,2197.4851004578722
4,90,0.011111111111111112,0.011111111111111112,2222.450721324851
