individual_id,T,alpha,eta,fitness
0,75,0.013333333333333334,0.013333333333333334,2033.3993458308714
1,77,0.012987012987012988,0.012987012987012988,2035.947457978369
2,77,0.012987012987012988,0.012987012987012988,2035.947457978369
3,78,0.01282051282051282,0.01282051282051282,2038.3370363674967
4,78,0.01282051282051282,0.01282051282051282,2038.3370363674967
