individual_id,T,alpha,eta,fitness
0,50,0.02,0.02,1761.4922827596881
1,56,0.017857142857142856,0.017857142857142856,1792.0668691620015
2,56,0.017857142857142856,0.017857142857142856,1792.0668691620015
3,54,0.018518518518518517,0.018518518518518517,1799.1731294970334
4,58,0.017241379310344827,0.017241379310344827,1809.9881318496375
