individual_id,T,alpha,eta,fitness
0,89,0.011235955056179775,0.011235955056179775,2197.4851004578722
1,93,0.010752688172043012,0.010752688172043012,2265.8075824141683
2,96,0.010416666666666666,0.010416666666666666,2291.8431026712938
3,96,0.010416666666666666,0.010416666666666666,2291.8431026712938
4,94,0.010638297872340425,0.010638297872340425,2298.724031678314
