{
  "algorithm": "ES",
  "best_T": 50,
  "best_alpha": 0.02,
  "best_eta": 0.02,
  "best_perplexity": 1761.4922827596881,
  "total_time": 503.4613549999194,
  "avg_step_time": 23.972651504778437,
  "stopped_early": false,
  "num_iterations": 21,
  "initial_population": [
    733,
    811,
    133,
    355,
    777,
    115,
    452,
    940,
    879,
    345,
    576,
    153,
    950,
    602,
    162,
    238,
    422,
    511,
    660,
    285
  ]
}