individual_id,T,alpha,eta,fitness
0,31,0.03225806451612903,0.03225806451612903,1790.4685122998008
1,23,0.043478260869565216,0.043478260869565216,1798.7624594497452
2,39,0.02564102564102564,0.02564102564102564,1801.6469550080587
3,39,0.02564102564102564,0.02564102564102564,1801.6469550080587
4,39,0.02564102564102564,0.02564102564102564,1801.6469550080587
