individual_id,T,alpha,eta,fitness
0,53,0.018867924528301886,0.018867924528301886,1846.6324999013875
1,33,0.030303030303030304,0.030303030303030304,1866.292604238102
2,115,0.008695652173913044,0.008695652173913044,2598.1574514567938
3,162,0.006172839506172839,0.006172839506172839,3933.5356551013715
4,238,0.004201680672268907,0.004201680672268907,11291.762260553824
