individual_id,T,alpha,eta,fitness
0,36,0.027777777777777776,0.027777777777777776,1803.9172112268107
1,34,0.029411764705882353,0.029411764705882353,1826.7628353020925
2,51,0.0196078431372549,0.0196078431372549,1837.2370892922859
3,53,0.018867924528301886,0.018867924528301886,1846.6324999013875
4,32,0.03125,0.03125,1853.3011268920784
