individual_id,T,alpha,eta,fitness
0,36,0.027777777777777776,0.027777777777777776,1803.9172112268107
1,36,0.027777777777777776,0.027777777777777776,1803.9172112268107
2,41,0.024390243902439025,0.024390243902439025,1808.882165678443
3,28,0.03571428571428571,0.03571428571428571,1820.163930056366
4,28,0.03571428571428571,0.03571428571428571,1820.163930056366
