{
  "algorithm": "ES",
  "best_T": 31,
  "best_alpha": 0.03225806451612903,
  "best_eta": 0.03225806451612903,
  "best_perplexity": 1790.4685122998008,
  "total_time": 92.86198866700579,
  "avg_step_time": 13.265257405000739,
  "stopped_early": true,
  "num_iterations": 7,
  "initial_population": [
    733,
    811,
    33,
    355,
    777,
    115,
    452,
    940,
    879,
    345,
    576,
    53,
    950,
    602,
    162,
    238,
    422,
    511,
    660,
    285
  ]
}