individual_id,T,alpha,eta,fitness
0,33,0.030303030303030304,0.030303030303030304,2686.6991917889427
1,32,0.03125,0.03125,2852.7888942081745
2,35,0.02857142857142857,0.02857142857142857,2939.686907680502
3,53,0.018867924528301886,0.018867924528301886,3432.8015743632477
4,55,0.01818181818181818,0.01818181818181818,3601.3353622818227
