individual_id,T,alpha,eta,fitness
0,18,0.05555555555555555,0.05555555555555555,2424.794385848056
1,17,0.058823529411764705,0.058823529411764705,2442.0771567855286
2,21,0.047619047619047616,0.047619047619047616,2561.279163239801
3,21,0.047619047619047616,0.047619047619047616,2561.279163239801
4,24,0.041666666666666664,0.041666666666666664,2567.1863127217252
