individual_id,T,alpha,eta,fitness
0,24,0.041666666666666664,0.041666666666666664,2567.1863127217252
1,33,0.030303030303030304,0.030303030303030304,2686.6991917889427
2,33,0.030303030303030304,0.030303030303030304,2686.6991917889427
3,33,0.030303030303030304,0.030303030303030304,2686.6991917889427
4,33,0.030303030303030304,0.030303030303030304,2686.6991917889427
