individual_id,T,alpha,eta,fitness
0,21,0.047619047619047616,0.047619047619047616,2561.279163239801
1,24,0.041666666666666664,0.041666666666666664,2567.1863127217252
2,20,0.05,0.05,2587.690860996867
3,33,0.030303030303030304,0.030303030303030304,2686.6991917889427
4,33,0.030303030303030304,0.030303030303030304,2686.6991917889427
