individual_id,T,alpha,eta,fitness
0,10,0.1,0.1,2226.7079619628307
1,10,0.1,0.1,2226.7079619628307
2,14,0.07142857142857142,0.07142857142857142,2273.9533839520786
3,14,0.07142857142857142,0.07142857142857142,2273.9533839520786
4,15,0.06666666666666667,0.06666666666666667,2349.4921559880204
