individual_id,T,alpha,eta,fitness
0,33,0.030303030303030304,0.030303030303030304,2686.6991917889427
1,33,0.030303030303030304,0.030303030303030304,2686.6991917889427
2,33,0.030303030303030304,0.030303030303030304,2686.6991917889427
3,28,0.03571428571428571,0.03571428571428571,2708.1370162305793
4,29,0.034482758620689655,0.034482758620689655,2737.8679196115004
