individual_id,T,alpha,eta,fitness
0,15,0.06666666666666667,0.06666666666666667,2349.4921559880204
1,15,0.06666666666666667,0.06666666666666667,2349.4921559880204
2,16,0.0625,0.0625,2392.951900996847
3,16,0.0625,0.0625,2392.951900996847
4,18,0.05555555555555555,0.05555555555555555,2424.794385848056
