{
  "algorithm": "GA",
  "best_T": 4,
  "best_alpha": 0.25,
  "best_eta": 0.25,
  "best_perplexity": 2137.306919580723,
  "total_time": 1346.086201399914,
  "avg_step_time": 25.30367890952177,
  "stopped_early": false,
  "num_iterations": 21,
  "initial_population": [
    733,
    811,
    133,
    355,
    777,
    115,
    452,
    940,
    879,
    345,
    576,
    153,
    950,
    602,
    162,
    238,
    422,
    511,
    660,
    285
  ]
}