individual_id,T,alpha,eta,fitness
0,33,0.030303030303030304,0.030303030303030304,1813.8552811665818
1,53,0.018867924528301886,0.018867924528301886,1839.2374116682538
2,115,0.008695652173913044,0.008695652173913044,2699.709326546399
3,162,0.006172839506172839,0.006172839506172839,4009.269348033467
4,238,0.004201680672268907,0.004201680672268907,10730.787064310323
