individual_id,T,alpha,eta,fitness
0,30,0.03333333333333333,0.03333333333333333,1752.73655684713
1,32,0.03125,0.03125,1772.345598362322
2,35,0.02857142857142857,0.02857142857142857,1792.0189097290624
3,29,0.034482758620689655,0.034482758620689655,1807.7343409620657
4,33,0.030303030303030304,0.030303030303030304,1813.8552811665818
