{
  "algorithm": "SABO",
  "best_T": 4,
  "best_alpha": 0.25,
  "best_eta": 0.25,
  "best_perplexity": 2132.1918330777557,
  "total_time": 1703.9649024000028,
  "avg_step_time": 26.236776485715556,
  "stopped_early": false,
  "num_iterations": 21,
  "initial_population": [
    733,
    811,
    133,
    355,
    777,
    115,
    452,
    940,
    879,
    345,
    576,
    153,
    950,
    602,
    162,
    238,
    422,
    511,
    660,
    285
  ]
}