{
  "results": [
    {
      "algorithm": "GA",
      "best_T": 20,
      "best_perplexity": 1725.3951423233368,
      "total_time": 1340.9815800409997
    },
    {
      "algorithm": "ES",
      "best_T": 23,
      "best_perplexity": 1701.3357043085955,
      "total_time": 104.19143924998934
    },
    {
      "algorithm": "PABBO_Full",
      "best_T": 33,
      "best_perplexity": 1798.8441015733895,
      "total_time": 25.81658625000273
    }
  ],
  "best_algorithm": "ES",
  "best_perplexity": 1701.3357043085955
}