individual_id,T,alpha,eta,fitness
0,64,0.015625,0.015625,1899.4536155428673
1,66,0.015151515151515152,0.015151515151515152,1899.4887735597251
2,66,0.015151515151515152,0.015151515151515152,1899.4887735597251
3,67,0.014925373134328358,0.014925373134328358,1927.320256172179
4,69,0.014492753623188406,0.014492753623188406,1940.1279662613304
