individual_id,T,alpha,eta,fitness
0,99,0.010101010101010102,0.010101010101010102,2292.735732818094
1,101,0.009900990099009901,0.009900990099009901,2303.17842220744
2,103,0.009708737864077669,0.009708737864077669,2311.1731432800534
3,103,0.009708737864077669,0.009708737864077669,2311.1731432800534
4,102,0.00980392156862745,0.00980392156862745,2351.092267545743
