individual_id,T,alpha,eta,fitness
0,110,0.00909090909090909,0.00909090909090909,2500.870009894915
1,110,0.00909090909090909,0.00909090909090909,2500.870009894915
2,113,0.008849557522123894,0.008849557522123894,2532.604425779989
3,115,0.008695652173913044,0.008695652173913044,2584.7718127072626
4,120,0.008333333333333333,0.008333333333333333,2724.4358433935618
