individual_id,T,alpha,eta,fitness
0,64,0.015625,0.015625,1899.4536155428673
1,64,0.015625,0.015625,1899.4536155428673
2,66,0.015151515151515152,0.015151515151515152,1899.4887735597251
3,66,0.015151515151515152,0.015151515151515152,1899.4887735597251
4,66,0.015151515151515152,0.015151515151515152,1899.4887735597251
