individual_id,T,alpha,eta,fitness
0,115,0.008695652173913044,0.008695652173913044,2584.7718127072626
1,133,0.007518796992481203,0.007518796992481203,2957.6703576251334
2,153,0.006535947712418301,0.006535947712418301,3572.614403155256
3,162,0.006172839506172839,0.006172839506172839,3898.221000088471
4,238,0.004201680672268907,0.004201680672268907,10347.237599427754
