individual_id,T,alpha,eta,fitness
0,90,0.011111111111111112,0.011111111111111112,2182.419983837306
1,90,0.011111111111111112,0.011111111111111112,2182.419983837306
2,94,0.010638297872340425,0.010638297872340425,2209.1317295968674
3,94,0.010638297872340425,0.010638297872340425,2209.1317295968674
4,94,0.010638297872340425,0.010638297872340425,2209.1317295968674
