individual_id,T,alpha,eta,fitness
0,106,0.009433962264150943,0.009433962264150943,2436.042998682754
1,107,0.009345794392523364,0.009345794392523364,2453.930286457929
2,112,0.008928571428571428,0.008928571428571428,2491.8994694093303
3,110,0.00909090909090909,0.00909090909090909,2500.870009894915
4,110,0.00909090909090909,0.00909090909090909,2500.870009894915
