individual_id,T,alpha,eta,fitness
0,76,0.013157894736842105,0.013157894736842105,2062.4549939477065
1,83,0.012048192771084338,0.012048192771084338,2075.22220205006
2,83,0.012048192771084338,0.012048192771084338,2075.22220205006
3,81,0.012345679012345678,0.012345679012345678,2087.7082973752636
4,81,0.012345679012345678,0.012345679012345678,2087.7082973752636
