individual_id,T,alpha,eta,fitness
0,101,0.009900990099009901,0.009900990099009901,2303.17842220744
1,106,0.009433962264150943,0.009433962264150943,2436.042998682754
2,106,0.009433962264150943,0.009433962264150943,2436.042998682754
3,106,0.009433962264150943,0.009433962264150943,2436.042998682754
4,106,0.009433962264150943,0.009433962264150943,2436.042998682754
