individual_id,T,alpha,eta,fitness
0,67,0.014925373134328358,0.014925373134328358,1927.320256172179
1,69,0.014492753623188406,0.014492753623188406,1940.1279662613304
2,68,0.014705882352941176,0.014705882352941176,1943.3401187166085
3,70,0.014285714285714285,0.014285714285714285,1984.145903950603
4,72,0.013888888888888888,0.013888888888888888,1987.6600547327105
