individual_id,T,alpha,eta,fitness
0,59,0.01694915254237288,0.01694915254237288,1897.4781958261472
1,64,0.015625,0.015625,1899.4536155428673
2,64,0.015625,0.015625,1899.4536155428673
3,64,0.015625,0.015625,1899.4536155428673
4,66,0.015151515151515152,0.015151515151515152,1899.4887735597251
