individual_id,T,alpha,eta,fitness
0,85,0.011764705882352941,0.011764705882352941,2113.4108430801152
1,85,0.011764705882352941,0.011764705882352941,2113.4108430801152
2,86,0.011627906976744186,0.011627906976744186,2149.687141652858
3,90,0.011111111111111112,0.011111111111111112,2182.419983837306
4,90,0.011111111111111112,0.011111111111111112,2182.419983837306
