individual_id,T,alpha,eta,fitness
0,69,0.014492753623188406,0.014492753623188406,1940.1279662613304
1,72,0.013888888888888888,0.013888888888888888,1987.6600547327105
2,74,0.013513513513513514,0.013513513513513514,1998.3112531861136
3,74,0.013513513513513514,0.013513513513513514,1998.3112531861136
4,75,0.013333333333333334,0.013333333333333334,2038.282921982368
