{
  "algorithm": "ES",
  "best_T": 59,
  "best_alpha": 0.01694915254237288,
  "best_eta": 0.01694915254237288,
  "best_perplexity": 1897.4781958261472,
  "total_time": 474.5238049000036,
  "avg_step_time": 22.594660328562547,
  "stopped_early": false,
  "num_iterations": 21,
  "initial_population": [
    733,
    811,
    133,
    355,
    777,
    115,
    452,
    940,
    879,
    345,
    576,
    153,
    950,
    602,
    162,
    238,
    422,
    511,
    660,
    285
  ]
}