{
  "results": [
    {
      "algorithm": "GA",
      "best_T": 11,
      "best_perplexity": 1679.3090664465396,
      "total_time": 1022.7292474999995
    },
    {
      "algorithm": "ES",
      "best_T": 11,
      "best_perplexity": 1679.3090664465396,
      "total_time": 112.99484591600776
    },
    {
      "algorithm": "PABBO_Full",
      "best_T": 12,
      "best_perplexity": 1724.5831698517404,
      "total_time": 114.94439024999156
    }
  ],
  "best_algorithm": "GA",
  "best_perplexity": 1679.3090664465396
}