{
  "results": [
    {
      "algorithm": "PABBO_Simple",
      "best_T": 33,
      "best_perplexity": 1785.3303492923615,
      "total_time": 837.1959277920105
    },
    {
      "algorithm": "PABBO_Full",
      "best_T": 33,
      "best_perplexity": 1785.3303492923615,
      "total_time": 0.0011028750013792887
    }
  ],
  "best_algorithm": "PABBO_Simple",
  "best_perplexity": 1785.3303492923615
}