{
  "algorithm": "GA",
  "best_T": 14,
  "best_alpha": 0.07142857142857142,
  "best_eta": 0.07142857142857142,
  "best_perplexity": 1695.1369964599578,
  "total_time": 1321.838163833003,
  "avg_step_time": 23.06426867547347,
  "stopped_early": true,
  "num_iterations": 19,
  "initial_population": [
    733,
    811,
    33,
    355,
    777,
    115,
    452,
    940,
    879,
    345,
    576,
    53,
    950,
    602,
    162,
    238,
    422,
    511,
    660,
    285
  ]
}