individual_id,T,alpha,eta,fitness
0,86,0.011627906976744186,0.011627906976744186,5346.253516315085
1,86,0.011627906976744186,0.011627906976744186,5346.253516315085
2,89,0.011235955056179775,0.011235955056179775,5922.349729312788
3,90,0.011111111111111112,0.011111111111111112,6092.189560420496
4,90,0.011111111111111112,0.011111111111111112,6092.189560420496
