individual_id,T,alpha,eta,fitness
0,71,0.014084507042253521,0.014084507042253521,4357.488791870373
1,75,0.013333333333333334,0.013333333333333334,4527.881837013253
2,70,0.014285714285714285,0.014285714285714285,4554.158209469552
3,73,0.0136986301369863,0.0136986301369863,4601.692819098276
4,73,0.0136986301369863,0.0136986301369863,4601.692819098276
