individual_id,T,alpha,eta,fitness
0,95,0.010526315789473684,0.010526315789473684,6134.092764691459
1,93,0.010752688172043012,0.010752688172043012,6440.560511263155
2,97,0.010309278350515464,0.010309278350515464,6774.935028740257
3,97,0.010309278350515464,0.010309278350515464,6774.935028740257
4,97,0.010309278350515464,0.010309278350515464,6774.935028740257
