individual_id,T,alpha,eta,fitness
0,107,0.009345794392523364,0.009345794392523364,8168.887908682417
1,106,0.009433962264150943,0.009433962264150943,8369.113144148083
2,110,0.00909090909090909,0.00909090909090909,8489.233315658721
3,110,0.00909090909090909,0.00909090909090909,8489.233315658721
4,110,0.00909090909090909,0.00909090909090909,8489.233315658721
