individual_id,T,alpha,eta,fitness
0,54,0.018518518518518517,0.018518518518518517,3594.309565932297
1,57,0.017543859649122806,0.017543859649122806,3611.349899694218
2,57,0.017543859649122806,0.017543859649122806,3611.349899694218
3,61,0.01639344262295082,0.01639344262295082,3669.8695315085115
4,61,0.01639344262295082,0.01639344262295082,3669.8695315085115
