individual_id,T,alpha,eta,fitness
0,115,0.008695652173913044,0.008695652173913044,9953.489646362123
1,133,0.007518796992481203,0.007518796992481203,18458.53899068405
2,153,0.006535947712418301,0.006535947712418301,28414.729244183665
3,162,0.006172839506172839,0.006172839506172839,42944.950765906535
4,238,0.004201680672268907,0.004201680672268907,1470555.0265043355
