individual_id,T,alpha,eta,fitness
0,67,0.014925373134328358,0.014925373134328358,4042.358510182884
1,66,0.015151515151515152,0.015151515151515152,4325.8638742846015
2,66,0.015151515151515152,0.015151515151515152,4325.8638742846015
3,71,0.014084507042253521,0.014084507042253521,4357.488791870373
4,71,0.014084507042253521,0.014084507042253521,4357.488791870373
