individual_id,T,alpha,eta,fitness
0,78,0.01282051282051282,0.01282051282051282,5000.433449156588
1,80,0.0125,0.0125,5203.836434146667
2,82,0.012195121951219513,0.012195121951219513,5258.131698239991
3,86,0.011627906976744186,0.011627906976744186,5346.253516315085
4,86,0.011627906976744186,0.011627906976744186,5346.253516315085
