individual_id,T,alpha,eta,fitness
0,97,0.010309278350515464,0.010309278350515464,6774.935028740257
1,97,0.010309278350515464,0.010309278350515464,6774.935028740257
2,98,0.01020408163265306,0.01020408163265306,7035.297134648645
3,100,0.01,0.01,7203.2244662855755
4,100,0.01,0.01,7203.2244662855755
