individual_id,T,alpha,eta,fitness
0,102,0.00980392156862745,0.00980392156862745,7649.872860936177
1,105,0.009523809523809525,0.009523809523809525,8065.481287185363
2,107,0.009345794392523364,0.009345794392523364,8168.887908682417
3,106,0.009433962264150943,0.009433962264150943,8369.113144148083
4,106,0.009433962264150943,0.009433962264150943,8369.113144148083
