individual_id,T,alpha,eta,fitness
0,66,0.015151515151515152,0.015151515151515152,4325.8638742846015
1,71,0.014084507042253521,0.014084507042253521,4357.488791870373
2,71,0.014084507042253521,0.014084507042253521,4357.488791870373
3,72,0.013888888888888888,0.013888888888888888,4458.375007250345
4,74,0.013513513513513514,0.013513513513513514,4479.907331268817
