individual_id,T,alpha,eta,fitness
0,57,0.017543859649122806,0.017543859649122806,3611.349899694218
1,61,0.01639344262295082,0.01639344262295082,3669.8695315085115
2,61,0.01639344262295082,0.01639344262295082,3669.8695315085115
3,64,0.015625,0.015625,3858.793064837381
4,64,0.015625,0.015625,3858.793064837381
