individual_id,T,alpha,eta,fitness
0,64,0.015625,0.015625,3858.793064837381
1,64,0.015625,0.015625,3858.793064837381
2,67,0.014925373134328358,0.014925373134328358,4042.358510182884
3,67,0.014925373134328358,0.014925373134328358,4042.358510182884
4,62,0.016129032258064516,0.016129032258064516,4054.139636406389
