individual_id,T,alpha,eta,fitness
0,86,0.011627906976744186,0.011627906976744186,5346.253516315085
1,86,0.011627906976744186,0.011627906976744186,5346.253516315085
2,84,0.011904761904761904,0.011904761904761904,5362.984820659974
3,85,0.011764705882352941,0.011764705882352941,5631.049192928639
4,89,0.011235955056179775,0.011235955056179775,5922.349729312788
