individual_id,T,alpha,eta,fitness
0,110,0.00909090909090909,0.00909090909090909,8489.233315658721
1,110,0.00909090909090909,0.00909090909090909,8489.233315658721
2,113,0.008849557522123894,0.008849557522123894,9638.81080744862
3,115,0.008695652173913044,0.008695652173913044,9953.489646362123
4,120,0.008333333333333333,0.008333333333333333,12306.804898137365
