individual_id,T,alpha,eta,fitness
0,51,0.0196078431372549,0.0196078431372549,3179.1275714041453
1,49,0.02040816326530612,0.02040816326530612,3293.4586100720785
2,50,0.02,0.02,3333.1440353463527
3,50,0.02,0.02,3333.1440353463527
4,54,0.018518518518518517,0.018518518518518517,3594.309565932297
