{
  "algorithm": "ES",
  "best_T": 51,
  "best_alpha": 0.0196078431372549,
  "best_eta": 0.0196078431372549,
  "best_perplexity": 3179.1275714041453,
  "total_time": 435.7952145000454,
  "avg_step_time": 20.750428552384534,
  "stopped_early": false,
  "num_iterations": 21,
  "initial_population": [
    733,
    811,
    133,
    355,
    777,
    115,
    452,
    940,
    879,
    345,
    576,
    153,
    950,
    602,
    162,
    238,
    422,
    511,
    660,
    285
  ]
}