{
  "algorithm": "GA",
  "best_T": 6,
  "best_alpha": 0.16666666666666666,
  "best_eta": 0.16666666666666666,
  "best_perplexity": 1660.915365661225,
  "total_time": 1161.1007895410003,
  "avg_step_time": 27.052866595698287,
  "stopped_early": true,
  "num_iterations": 10,
  "initial_population": [
    733,
    811,
    33,
    355,
    777,
    115,
    452,
    940,
    879,
    345,
    576,
    53,
    950,
    602,
    162,
    238,
    422,
    511,
    660,
    285
  ]
}