individual_id,T,alpha,eta,fitness
0,88,0.011363636363636364,0.011363636363636364,5693.122706468275
1,92,0.010869565217391304,0.010869565217391304,5890.520198452995
2,92,0.010869565217391304,0.010869565217391304,5890.520198452995
3,94,0.010638297872340425,0.010638297872340425,6252.814777515579
4,94,0.010638297872340425,0.010638297872340425,6252.814777515579
