individual_id,T,alpha,eta,fitness
0,108,0.009259259259259259,0.009259259259259259,7622.919220144683
1,108,0.009259259259259259,0.009259259259259259,7622.919220144683
2,103,0.009708737864077669,0.009708737864077669,7699.996044994168
3,102,0.00980392156862745,0.00980392156862745,7882.905333616583
4,104,0.009615384615384616,0.009615384615384616,8146.422935434654
