individual_id,T,alpha,eta,fitness
0,59,0.01694915254237288,0.01694915254237288,3654.7958106170636
1,58,0.017241379310344827,0.017241379310344827,3786.5096895005845
2,58,0.017241379310344827,0.017241379310344827,3786.5096895005845
3,58,0.017241379310344827,0.017241379310344827,3786.5096895005845
4,60,0.016666666666666666,0.016666666666666666,3793.1741679382094
