individual_id,T,alpha,eta,fitness
0,69,0.014492753623188406,0.014492753623188406,3999.805631023548
1,63,0.015873015873015872,0.015873015873015872,4233.770850036868
2,68,0.014705882352941176,0.014705882352941176,4283.497776314291
3,68,0.014705882352941176,0.014705882352941176,4283.497776314291
4,72,0.013888888888888888,0.013888888888888888,4291.661824917409
