individual_id,T,alpha,eta,fitness
0,78,0.01282051282051282,0.01282051282051282,4887.1932958028
1,78,0.01282051282051282,0.01282051282051282,4887.1932958028
2,78,0.01282051282051282,0.01282051282051282,4887.1932958028
3,80,0.0125,0.0125,5065.337545495022
4,80,0.0125,0.0125,5065.337545495022
