individual_id,T,alpha,eta,fitness
0,84,0.011904761904761904,0.011904761904761904,5254.186867422691
1,84,0.011904761904761904,0.011904761904761904,5254.186867422691
2,83,0.012048192771084338,0.012048192771084338,5393.3166084870745
3,83,0.012048192771084338,0.012048192771084338,5393.3166084870745
4,83,0.012048192771084338,0.012048192771084338,5393.3166084870745
