individual_id,T,alpha,eta,fitness
0,107,0.009345794392523364,0.009345794392523364,8703.1916250156
1,113,0.008849557522123894,0.008849557522123894,9452.281631810743
2,111,0.009009009009009009,0.009009009009009009,9853.386544942201
3,115,0.008695652173913044,0.008695652173913044,9966.3987350961
4,115,0.008695652173913044,0.008695652173913044,9966.3987350961
