individual_id,T,alpha,eta,fitness
0,94,0.010638297872340425,0.010638297872340425,6252.814777515579
1,94,0.010638297872340425,0.010638297872340425,6252.814777515579
2,97,0.010309278350515464,0.010309278350515464,6751.853712746759
3,98,0.01020408163265306,0.01020408163265306,7235.730907851212
4,100,0.01,0.01,7504.938631174736
