individual_id,T,alpha,eta,fitness
0,111,0.009009009009009009,0.009009009009009009,9853.386544942201
1,115,0.008695652173913044,0.008695652173913044,9966.3987350961
2,118,0.00847457627118644,0.00847457627118644,10877.501856471634
3,126,0.007936507936507936,0.007936507936507936,13144.348321786798
4,128,0.0078125,0.0078125,14849.550102914609
