individual_id,T,alpha,eta,fitness
0,115,0.008695652173913044,0.008695652173913044,9966.3987350961
1,131,0.007633587786259542,0.007633587786259542,15140.579937933471
2,133,0.007518796992481203,0.007518796992481203,15406.998734285904
3,136,0.007352941176470588,0.007352941176470588,17791.609443074205
4,153,0.006535947712418301,0.006535947712418301,28551.952999781377
