individual_id,T,alpha,eta,fitness
0,73,0.0136986301369863,0.0136986301369863,4406.132537623194
1,75,0.013333333333333334,0.013333333333333334,4784.020559523536
2,76,0.013157894736842105,0.013157894736842105,4794.694865730392
3,77,0.012987012987012988,0.012987012987012988,4834.655237229278
4,78,0.01282051282051282,0.01282051282051282,4887.1932958028
