individual_id,T,alpha,eta,fitness
0,97,0.010309278350515464,0.010309278350515464,6751.853712746759
1,100,0.01,0.01,7504.938631174736
2,99,0.010101010101010102,0.010101010101010102,7569.55394593936
3,101,0.009900990099009901,0.009900990099009901,7605.2817984829835
4,108,0.009259259259259259,0.009259259259259259,7622.919220144683
