individual_id,T,alpha,eta,fitness
0,68,0.014705882352941176,0.014705882352941176,4283.497776314291
1,73,0.0136986301369863,0.0136986301369863,4406.132537623194
2,75,0.013333333333333334,0.013333333333333334,4784.020559523536
3,75,0.013333333333333334,0.013333333333333334,4784.020559523536
4,75,0.013333333333333334,0.013333333333333334,4784.020559523536
