individual_id,T,alpha,eta,fitness
0,58,0.017241379310344827,0.017241379310344827,3786.5096895005845
1,60,0.016666666666666666,0.016666666666666666,3793.1741679382094
2,64,0.015625,0.015625,3892.3441502629566
3,64,0.015625,0.015625,3892.3441502629566
4,64,0.015625,0.015625,3892.3441502629566
