individual_id,T,alpha,eta,fitness
0,92,0.010869565217391304,0.010869565217391304,5890.520198452995
1,94,0.010638297872340425,0.010638297872340425,6252.814777515579
2,94,0.010638297872340425,0.010638297872340425,6252.814777515579
3,91,0.01098901098901099,0.01098901098901099,6528.312658608416
4,97,0.010309278350515464,0.010309278350515464,6751.853712746759
