individual_id,T,alpha,eta,fitness
0,108,0.009259259259259259,0.009259259259259259,7622.919220144683
1,108,0.009259259259259259,0.009259259259259259,7622.919220144683
2,107,0.009345794392523364,0.009345794392523364,8703.1916250156
3,107,0.009345794392523364,0.009345794392523364,8703.1916250156
4,110,0.00909090909090909,0.00909090909090909,8708.082605964079
