individual_id,T,alpha,eta,fitness
0,64,0.015625,0.015625,3892.3441502629566
1,69,0.014492753623188406,0.014492753623188406,3999.805631023548
2,67,0.014925373134328358,0.014925373134328358,4156.360839218334
3,66,0.015151515151515152,0.015151515151515152,4174.216842800427
4,63,0.015873015873015872,0.015873015873015872,4233.770850036868
