individual_id,T,alpha,eta,fitness
0,88,0.011363636363636364,0.011363636363636364,5693.122706468275
1,88,0.011363636363636364,0.011363636363636364,5693.122706468275
2,88,0.011363636363636364,0.011363636363636364,5693.122706468275
3,92,0.010869565217391304,0.010869565217391304,5890.520198452995
4,92,0.010869565217391304,0.010869565217391304,5890.520198452995
