{
  "algorithm": "GA",
  "best_T": 20,
  "best_alpha": 0.05,
  "best_eta": 0.05,
  "best_perplexity": 1725.3951423233368,
  "total_time": 1340.9815800409997,
  "avg_step_time": 59.524037398857345,
  "stopped_early": true,
  "num_iterations": 7,
  "initial_population": [
    733,
    811,
    33,
    355,
    777,
    115,
    452,
    940,
    879,
    345,
    576,
    53,
    950,
    602,
    162,
    238,
    422,
    511,
    660,
    285
  ]
}