{
  "algorithm": "SABO",
  "best_T": 18,
  "best_alpha": 0.05555555555555555,
  "best_eta": 0.05555555555555555,
  "best_perplexity": 1686.596295093147,
  "total_time": 2076.469999599998,
  "avg_step_time": 37.28518494285665,
  "stopped_early": false,
  "num_iterations": 21,
  "initial_population": [
    733,
    811,
    133,
    355,
    777,
    115,
    452,
    940,
    879,
    345,
    576,
    153,
    950,
    602,
    162,
    238,
    422,
    511,
    660,
    285
  ]
}