{
  "algorithm": "GA",
  "best_T": 102,
  "best_alpha": 0.00980392156862745,
  "best_eta": 0.00980392156862745,
  "best_perplexity": 2257.016703077256,
  "total_time": 1520.5694281000178,
  "avg_step_time": 21.616802552376786,
  "stopped_early": false,
  "num_iterations": 21,
  "initial_population": [
    733,
    811,
    133,
    355,
    777,
    115,
    452,
    940,
    879,
    345,
    576,
    153,
    950,
    602,
    162,
    238,
    422,
    511,
    660,
    285
  ]
}