individual_id,T,alpha,eta,fitness
0,19,0.05263157894736842,0.05263157894736842,2601.1135235688953
1,23,0.043478260869565216,0.043478260869565216,2615.6340119316746
2,26,0.038461538461538464,0.038461538461538464,2632.046820810257
3,26,0.038461538461538464,0.038461538461538464,2632.046820810257
4,26,0.038461538461538464,0.038461538461538464,2632.046820810257
