individual_id,T,alpha,eta,fitness
0,17,0.058823529411764705,0.058823529411764705,2499.6091110208417
1,20,0.05,0.05,2534.0368270381273
2,20,0.05,0.05,2534.0368270381273
3,19,0.05263157894736842,0.05263157894736842,2601.1135235688953
4,23,0.043478260869565216,0.043478260869565216,2615.6340119316746
