individual_id,T,alpha,eta,fitness
0,11,0.09090909090909091,0.09090909090909091,2384.6056177865576
1,15,0.06666666666666667,0.06666666666666667,2477.323576917256
2,15,0.06666666666666667,0.06666666666666667,2477.323576917256
3,15,0.06666666666666667,0.06666666666666667,2477.323576917256
4,17,0.058823529411764705,0.058823529411764705,2499.6091110208417
