individual_id,T,alpha,eta,fitness
0,24,0.041666666666666664,0.041666666666666664,2701.2051364634417
1,25,0.04,0.04,2731.4033439949676
2,35,0.02857142857142857,0.02857142857142857,2756.808428411157
3,31,0.03225806451612903,0.03225806451612903,2777.1213245079243
4,27,0.037037037037037035,0.037037037037037035,2799.756486471328
