individual_id,T,alpha,eta,fitness
0,15,0.06666666666666667,0.06666666666666667,2477.323576917256
1,15,0.06666666666666667,0.06666666666666667,2477.323576917256
2,17,0.058823529411764705,0.058823529411764705,2499.6091110208417
3,21,0.047619047619047616,0.047619047619047616,2532.81741895085
4,21,0.047619047619047616,0.047619047619047616,2532.81741895085
