individual_id,T,alpha,eta,fitness
0,12,0.08333333333333333,0.08333333333333333,2375.3157016456253
1,11,0.09090909090909091,0.09090909090909091,2384.6056177865576
2,15,0.06666666666666667,0.06666666666666667,2477.323576917256
3,15,0.06666666666666667,0.06666666666666667,2477.323576917256
4,15,0.06666666666666667,0.06666666666666667,2477.323576917256
