{
  "algorithm": "GA",
  "best_T": 66,
  "best_alpha": 0.015151515151515152,
  "best_eta": 0.015151515151515152,
  "best_perplexity": 1918.2018062745221,
  "total_time": 1662.1396778000053,
  "avg_step_time": 28.676276319039363,
  "stopped_early": false,
  "num_iterations": 21,
  "initial_population": [
    733,
    811,
    133,
    355,
    777,
    115,
    452,
    940,
    879,
    345,
    576,
    153,
    950,
    602,
    162,
    238,
    422,
    511,
    660,
    285
  ]
}