individual_id,T,alpha,eta,fitness
0,24,0.041666666666666664,0.041666666666666664,1699.675801135174
1,34,0.029411764705882353,0.029411764705882353,1713.800921025981
2,34,0.029411764705882353,0.029411764705882353,1713.800921025981
3,34,0.029411764705882353,0.029411764705882353,1713.800921025981
4,34,0.029411764705882353,0.029411764705882353,1713.800921025981
