individual_id,T,alpha,eta,fitness
0,34,0.029411764705882353,0.029411764705882353,1713.800921025981
1,33,0.030303030303030304,0.030303030303030304,1731.6678424923152
2,29,0.034482758620689655,0.034482758620689655,1744.0188978155386
3,32,0.03125,0.03125,1790.4449003704963
4,53,0.018867924528301886,0.018867924528301886,1890.7048032098878
