individual_id,T,alpha,eta,fitness
0,33,0.030303030303030304,0.030303030303030304,1731.6678424923152
1,53,0.018867924528301886,0.018867924528301886,1890.7048032098878
2,115,0.008695652173913044,0.008695652173913044,2793.527161064821
3,162,0.006172839506172839,0.006172839506172839,3826.0914497539325
4,238,0.004201680672268907,0.004201680672268907,11157.36193168315
