individual_id,T,alpha,eta,fitness
0,34,0.029411764705882353,0.029411764705882353,1713.800921025981
1,34,0.029411764705882353,0.029411764705882353,1713.800921025981
2,28,0.03571428571428571,0.03571428571428571,1726.8446948015119
3,33,0.030303030303030304,0.030303030303030304,1731.6678424923152
4,33,0.030303030303030304,0.030303030303030304,1731.6678424923152
