{
  "algorithm": "SABO",
  "best_T": 3,
  "best_alpha": 0.3333333333333333,
  "best_eta": 0.3333333333333333,
  "best_perplexity": 1396.7398422295707,
  "total_time": 1831.6733765999961,
  "avg_step_time": 29.341610047616996,
  "stopped_early": false,
  "num_iterations": 21,
  "initial_population": [
    733,
    811,
    133,
    355,
    777,
    115,
    452,
    940,
    879,
    345,
    576,
    153,
    950,
    602,
    162,
    238,
    422,
    511,
    660,
    285
  ]
}