individual_id,T,alpha,eta,fitness
0,72,0.013888888888888888,0.013888888888888888,4190.930871185565
1,75,0.013333333333333334,0.013333333333333334,4537.826593635784
2,75,0.013333333333333334,0.013333333333333334,4537.826593635784
3,78,0.01282051282051282,0.01282051282051282,4675.725150969633
4,78,0.01282051282051282,0.01282051282051282,4675.725150969633
