individual_id,T,alpha,eta,fitness
0,90,0.011111111111111112,0.011111111111111112,5455.892309315968
1,90,0.011111111111111112,0.011111111111111112,5455.892309315968
2,90,0.011111111111111112,0.011111111111111112,5455.892309315968
3,81,0.012345679012345678,0.012345679012345678,5470.635803805052
4,86,0.011627906976744186,0.011627906976744186,5496.3945152251235
