individual_id,T,alpha,eta,fitness
0,96,0.010416666666666666,0.010416666666666666,6774.722653524376
1,97,0.010309278350515464,0.010309278350515464,7007.222890710099
2,97,0.010309278350515464,0.010309278350515464,7007.222890710099
3,99,0.010101010101010102,0.010101010101010102,7274.871030188482
4,102,0.00980392156862745,0.00980392156862745,7371.6568952690395
