individual_id,T,alpha,eta,fitness
0,106,0.009433962264150943,0.009433962264150943,8398.041023206655
1,111,0.009009009009009009,0.009009009009009009,8610.767482805308
2,111,0.009009009009009009,0.009009009009009009,8610.767482805308
3,111,0.009009009009009009,0.009009009009009009,8610.767482805308
4,110,0.00909090909090909,0.00909090909090909,9645.308119385993
