individual_id,T,alpha,eta,fitness
0,67,0.014925373134328358,0.014925373134328358,4182.750804165054
1,72,0.013888888888888888,0.013888888888888888,4190.930871185565
2,72,0.013888888888888888,0.013888888888888888,4190.930871185565
3,68,0.014705882352941176,0.014705882352941176,4296.450834114782
4,68,0.014705882352941176,0.014705882352941176,4296.450834114782
