individual_id,T,alpha,eta,fitness
0,101,0.009900990099009901,0.009900990099009901,7559.892533232771
1,104,0.009615384615384616,0.009615384615384616,7931.258386880447
2,105,0.009523809523809525,0.009523809523809525,8003.991652656845
3,108,0.009259259259259259,0.009259259259259259,8259.680538087947
4,108,0.009259259259259259,0.009259259259259259,8259.680538087947
