individual_id,T,alpha,eta,fitness
0,78,0.01282051282051282,0.01282051282051282,4675.725150969633
1,82,0.012195121951219513,0.012195121951219513,5215.864454789909
2,85,0.011764705882352941,0.011764705882352941,5315.55569380159
3,90,0.011111111111111112,0.011111111111111112,5455.892309315968
4,90,0.011111111111111112,0.011111111111111112,5455.892309315968
