individual_id,T,alpha,eta,fitness
0,72,0.013888888888888888,0.013888888888888888,4190.930871185565
1,68,0.014705882352941176,0.014705882352941176,4296.450834114782
2,71,0.014084507042253521,0.014084507042253521,4443.732146292393
3,71,0.014084507042253521,0.014084507042253521,4443.732146292393
4,71,0.014084507042253521,0.014084507042253521,4443.732146292393
