individual_id,T,alpha,eta,fitness
0,78,0.01282051282051282,0.01282051282051282,4675.725150969633
1,78,0.01282051282051282,0.01282051282051282,4675.725150969633
2,78,0.01282051282051282,0.01282051282051282,4675.725150969633
3,74,0.013513513513513514,0.013513513513513514,4683.226713174692
4,82,0.012195121951219513,0.012195121951219513,5215.864454789909
