individual_id,T,alpha,eta,fitness
0,92,0.010869565217391304,0.010869565217391304,6139.265748540753
1,93,0.010752688172043012,0.010752688172043012,6268.892413274612
2,93,0.010752688172043012,0.010752688172043012,6268.892413274612
3,96,0.010416666666666666,0.010416666666666666,6774.722653524376
4,97,0.010309278350515464,0.010309278350515464,7007.222890710099
