individual_id,T,alpha,eta,fitness
0,90,0.011111111111111112,0.011111111111111112,5455.892309315968
1,94,0.010638297872340425,0.010638297872340425,6089.669861425841
2,92,0.010869565217391304,0.010869565217391304,6139.265748540753
3,93,0.010752688172043012,0.010752688172043012,6268.892413274612
4,93,0.010752688172043012,0.010752688172043012,6268.892413274612
