individual_id,T,alpha,eta,fitness
0,85,0.011764705882352941,0.011764705882352941,5315.55569380159
1,90,0.011111111111111112,0.011111111111111112,5455.892309315968
2,90,0.011111111111111112,0.011111111111111112,5455.892309315968
3,90,0.011111111111111112,0.011111111111111112,5455.892309315968
4,90,0.011111111111111112,0.011111111111111112,5455.892309315968
