individual_id,T,alpha,eta,fitness
0,90,0.011111111111111112,0.011111111111111112,5455.892309315968
1,86,0.011627906976744186,0.011627906976744186,5496.3945152251235
2,94,0.010638297872340425,0.010638297872340425,6089.669861425841
3,94,0.010638297872340425,0.010638297872340425,6089.669861425841
4,92,0.010869565217391304,0.010869565217391304,6139.265748540753
