individual_id,T,alpha,eta,fitness
0,111,0.009009009009009009,0.009009009009009009,8610.767482805308
1,112,0.008928571428571428,0.008928571428571428,9897.173131832797
2,117,0.008547008547008548,0.008547008547008548,9930.721455453076
3,114,0.008771929824561403,0.008771929824561403,10203.57108508266
4,115,0.008695652173913044,0.008695652173913044,10731.573022387493
