individual_id,T,alpha,eta,fitness
0,88,0.011363636363636364,0.011363636363636364,5645.695682923147
1,94,0.010638297872340425,0.010638297872340425,6004.166120705508
2,94,0.010638297872340425,0.010638297872340425,6004.166120705508
3,94,0.010638297872340425,0.010638297872340425,6004.166120705508
4,92,0.010869565217391304,0.010869565217391304,6277.316839226549
