individual_id,T,alpha,eta,fitness
0,103,0.009708737864077669,0.009708737864077669,7012.558165016469
1,106,0.009433962264150943,0.009433962264150943,7796.639941079742
2,109,0.009174311926605505,0.009174311926605505,8047.508635371959
3,109,0.009174311926605505,0.009174311926605505,8047.508635371959
4,108,0.009259259259259259,0.009259259259259259,9037.21757244846
