individual_id,T,alpha,eta,fitness
0,61,0.01639344262295082,0.01639344262295082,3755.350439819851
1,64,0.015625,0.015625,3809.2033538139044
2,64,0.015625,0.015625,3809.2033538139044
3,64,0.015625,0.015625,3809.2033538139044
4,64,0.015625,0.015625,3809.2033538139044
