individual_id,T,alpha,eta,fitness
0,103,0.009708737864077669,0.009708737864077669,7012.558165016469
1,101,0.009900990099009901,0.009900990099009901,7325.53074618497
2,101,0.009900990099009901,0.009900990099009901,7325.53074618497
3,102,0.00980392156862745,0.00980392156862745,7485.730896990149
4,106,0.009433962264150943,0.009433962264150943,7796.639941079742
