individual_id,T,alpha,eta,fitness
0,87,0.011494252873563218,0.011494252873563218,5499.949547940647
1,88,0.011363636363636364,0.011363636363636364,5645.695682923147
2,90,0.011111111111111112,0.011111111111111112,5825.900895406795
3,89,0.011235955056179775,0.011235955056179775,5967.118477750985
4,89,0.011235955056179775,0.011235955056179775,5967.118477750985
