individual_id,T,alpha,eta,fitness
0,108,0.009259259259259259,0.009259259259259259,9037.21757244846
1,111,0.009009009009009009,0.009009009009009009,9156.892695872955
2,111,0.009009009009009009,0.009009009009009009,9156.892695872955
3,111,0.009009009009009009,0.009009009009009009,9156.892695872955
4,115,0.008695652173913044,0.008695652173913044,9583.152346625378
