individual_id,T,alpha,eta,fitness
0,94,0.010638297872340425,0.010638297872340425,6004.166120705508
1,92,0.010869565217391304,0.010869565217391304,6277.316839226549
2,97,0.010309278350515464,0.010309278350515464,6584.640060717654
3,96,0.010416666666666666,0.010416666666666666,6854.338657382971
4,103,0.009708737864077669,0.009708737864077669,7012.558165016469
