individual_id,T,alpha,eta,fitness
0,63,0.015873015873015872,0.015873015873015872,3706.201326589745
1,59,0.01694915254237288,0.01694915254237288,3717.300169392518
2,61,0.01639344262295082,0.01639344262295082,3755.350439819851
3,61,0.01639344262295082,0.01639344262295082,3755.350439819851
4,64,0.015625,0.015625,3809.2033538139044
