individual_id,T,alpha,eta,fitness
0,111,0.009009009009009009,0.009009009009009009,9156.892695872955
1,115,0.008695652173913044,0.008695652173913044,9583.152346625378
2,113,0.008849557522123894,0.008849557522123894,9784.522859616636
3,119,0.008403361344537815,0.008403361344537815,10424.446674890856
4,133,0.007518796992481203,0.007518796992481203,15175.066533957055
