individual_id,T,alpha,eta,fitness
0,115,0.008695652173913044,0.008695652173913044,9583.152346625378
1,133,0.007518796992481203,0.007518796992481203,15175.066533957055
2,153,0.006535947712418301,0.006535947712418301,27809.29776439903
3,162,0.006172839506172839,0.006172839506172839,39777.982764680586
4,238,0.004201680672268907,0.004201680672268907,1369735.9073307572
