individual_id,T,alpha,eta,fitness
0,69,0.014492753623188406,0.014492753623188406,4053.171078650573
1,72,0.013888888888888888,0.013888888888888888,4201.275365071075
2,72,0.013888888888888888,0.013888888888888888,4201.275365071075
3,68,0.014705882352941176,0.014705882352941176,4287.241907101533
4,68,0.014705882352941176,0.014705882352941176,4287.241907101533
