individual_id,T,alpha,eta,fitness
0,83,0.012048192771084338,0.012048192771084338,5117.752943731036
1,83,0.012048192771084338,0.012048192771084338,5117.752943731036
2,83,0.012048192771084338,0.012048192771084338,5117.752943731036
3,83,0.012048192771084338,0.012048192771084338,5117.752943731036
4,83,0.012048192771084338,0.012048192771084338,5117.752943731036
