individual_id,T,alpha,eta,fitness
0,83,0.012048192771084338,0.012048192771084338,5117.752943731036
1,85,0.011764705882352941,0.011764705882352941,5491.853343223034
2,87,0.011494252873563218,0.011494252873563218,5499.949547940647
3,86,0.011627906976744186,0.011627906976744186,5559.38394671764
4,86,0.011627906976744186,0.011627906976744186,5559.38394671764
