individual_id,T,alpha,eta,fitness
0,64,0.015625,0.015625,3809.2033538139044
1,64,0.015625,0.015625,3809.2033538139044
2,64,0.015625,0.015625,3809.2033538139044
3,64,0.015625,0.015625,3809.2033538139044
4,66,0.015151515151515152,0.015151515151515152,3917.0983479567685
