individual_id,T,alpha,eta,fitness
0,54,0.018518518518518517,0.018518518518518517,3430.396503501162
1,56,0.017857142857142856,0.017857142857142856,3491.241310299272
2,57,0.017543859649122806,0.017543859649122806,3674.2054140411947
3,63,0.015873015873015872,0.015873015873015872,3706.201326589745
4,59,0.01694915254237288,0.01694915254237288,3717.300169392518
