individual_id,T,alpha,eta,fitness
0,10,0.1,0.1,1640.6214202011245
1,10,0.1,0.1,1640.6214202011245
2,10,0.1,0.1,1640.6214202011245
3,10,0.1,0.1,1640.6214202011245
4,10,0.1,0.1,1640.6214202011245
