individual_id,T,alpha,eta,fitness
0,33,0.030303030303030304,0.030303030303030304,1816.8158591729443
1,53,0.018867924528301886,0.018867924528301886,1894.0356598268197
2,115,0.008695652173913044,0.008695652173913044,2592.772114147371
3,162,0.006172839506172839,0.006172839506172839,3928.2561917134935
4,238,0.004201680672268907,0.004201680672268907,10967.94595815614
