individual_id,T,alpha,eta,fitness
0,27,0.037037037037037035,0.037037037037037035,1758.0826626865232
1,29,0.034482758620689655,0.034482758620689655,1758.3033579798212
2,28,0.03571428571428571,0.03571428571428571,1758.915453650994
3,28,0.03571428571428571,0.03571428571428571,1758.915453650994
4,34,0.029411764705882353,0.029411764705882353,1806.5157539445725
