individual_id,T,alpha,eta,fitness
0,24,0.041666666666666664,0.041666666666666664,1731.087976277269
1,24,0.041666666666666664,0.041666666666666664,1731.087976277269
2,23,0.043478260869565216,0.043478260869565216,1746.5165757033817
3,27,0.037037037037037035,0.037037037037037035,1758.0826626865232
4,29,0.034482758620689655,0.034482758620689655,1758.3033579798212
