{
  "algorithm": "ES",
  "best_T": 10,
  "best_alpha": 0.1,
  "best_eta": 0.1,
  "best_perplexity": 1640.6214202011245,
  "total_time": 216.85583712499647,
  "avg_step_time": 18.070500954996533,
  "stopped_early": true,
  "num_iterations": 12,
  "initial_population": [
    733,
    811,
    33,
    355,
    777,
    115,
    452,
    940,
    879,
    345,
    576,
    53,
    950,
    602,
    162,
    238,
    422,
    511,
    660,
    285
  ]
}