individual_id,T,alpha,eta,fitness
0,24,0.041666666666666664,0.041666666666666664,1730.7711719509355
1,24,0.041666666666666664,0.041666666666666664,1730.7711719509355
2,24,0.041666666666666664,0.041666666666666664,1730.7711719509355
3,19,0.05263157894736842,0.05263157894736842,1741.64983974384
4,28,0.03571428571428571,0.03571428571428571,1758.9976199537405
