individual_id,T,alpha,eta,fitness
0,24,0.041666666666666664,0.041666666666666664,1730.7711719509355
1,28,0.03571428571428571,0.03571428571428571,1758.9976199537405
2,28,0.03571428571428571,0.03571428571428571,1758.9976199537405
3,28,0.03571428571428571,0.03571428571428571,1758.9976199537405
4,28,0.03571428571428571,0.03571428571428571,1758.9976199537405
