individual_id,T,alpha,eta,fitness
0,11,0.09090909090909091,0.09090909090909091,1679.3090664465396
1,11,0.09090909090909091,0.09090909090909091,1679.3090664465396
2,13,0.07692307692307693,0.07692307692307693,1684.905260661318
3,13,0.07692307692307693,0.07692307692307693,1684.905260661318
4,7,0.14285714285714285,0.14285714285714285,1694.0458269359528
