individual_id,T,alpha,eta,fitness
0,33,0.030303030303030304,0.030303030303030304,1785.3303492923615
1,53,0.018867924528301886,0.018867924528301886,1819.2171539195392
2,115,0.008695652173913044,0.008695652173913044,2566.932453626293
3,162,0.006172839506172839,0.006172839506172839,4005.8780313179614
4,238,0.004201680672268907,0.004201680672268907,10704.979530143082
