{
  "algorithm": "PABBO_Full",
  "best_T": 12,
  "best_alpha": 0.08333333333333333,
  "best_eta": 0.08333333333333333,
  "best_perplexity": 2375.3157016456253,
  "total_time": 131.78577258400037,
  "avg_step_time": 26.357154516800072,
  "stopped_early": true,
  "num_iterations": 5,
  "initial_population": [
    733,
    811,
    33,
    355,
    777,
    115,
    452,
    940,
    879,
    345,
    576,
    53,
    950,
    602,
    162,
    238,
    422,
    511,
    660,
    285
  ]
}