individual_id,T,alpha,eta,fitness
0,82,0.012195121951219513,0.012195121951219513,4844.890424200226
1,77,0.012987012987012988,0.012987012987012988,5110.673103523582
2,77,0.012987012987012988,0.012987012987012988,5110.673103523582
3,83,0.012048192771084338,0.012048192771084338,5159.738526389308
4,83,0.012048192771084338,0.012048192771084338,5159.738526389308
