individual_id,T,alpha,eta,fitness
0,83,0.012048192771084338,0.012048192771084338,5159.738526389308
1,88,0.011363636363636364,0.011363636363636364,5884.163272911412
2,86,0.011627906976744186,0.011627906976744186,5893.196871931983
3,89,0.011235955056179775,0.011235955056179775,6085.505959722371
4,90,0.011111111111111112,0.011111111111111112,6216.506753767263
