individual_id,T,alpha,eta,fitness
0,83,0.012048192771084338,0.012048192771084338,5159.738526389308
1,83,0.012048192771084338,0.012048192771084338,5159.738526389308
2,81,0.012345679012345678,0.012345679012345678,5229.096949206282
3,80,0.0125,0.0125,5240.760721734162
4,87,0.011494252873563218,0.011494252873563218,5595.0937023341285
