individual_id,T,alpha,eta,fitness
0,112,0.008928571428571428,0.008928571428571428,9500.428832117364
1,112,0.008928571428571428,0.008928571428571428,9500.428832117364
2,112,0.008928571428571428,0.008928571428571428,9500.428832117364
3,110,0.00909090909090909,0.00909090909090909,9736.275551933568
4,110,0.00909090909090909,0.00909090909090909,9736.275551933568
