individual_id,T,alpha,eta,fitness
0,86,0.011627906976744186,0.011627906976744186,5893.196871931983
1,91,0.01098901098901099,0.01098901098901099,6264.152334156844
2,91,0.01098901098901099,0.01098901098901099,6264.152334156844
3,92,0.010869565217391304,0.010869565217391304,6267.922266987948
4,92,0.010869565217391304,0.010869565217391304,6267.922266987948
