individual_id,T,alpha,eta,fitness
0,95,0.010526315789473684,0.010526315789473684,6523.149363037109
1,101,0.009900990099009901,0.009900990099009901,7413.514302232245
2,104,0.009615384615384616,0.009615384615384616,7689.250785420219
3,104,0.009615384615384616,0.009615384615384616,7689.250785420219
4,104,0.009615384615384616,0.009615384615384616,7689.250785420219
