individual_id,T,alpha,eta,fitness
0,106,0.009433962264150943,0.009433962264150943,7873.486606968943
1,105,0.009523809523809525,0.009523809523809525,7961.34144200023
2,112,0.008928571428571428,0.008928571428571428,9500.428832117364
3,112,0.008928571428571428,0.008928571428571428,9500.428832117364
4,112,0.008928571428571428,0.008928571428571428,9500.428832117364
