individual_id,T,alpha,eta,fitness
0,83,0.012048192771084338,0.012048192771084338,5159.738526389308
1,85,0.011764705882352941,0.011764705882352941,5855.783440791414
2,88,0.011363636363636364,0.011363636363636364,5884.163272911412
3,88,0.011363636363636364,0.011363636363636364,5884.163272911412
4,86,0.011627906976744186,0.011627906976744186,5893.196871931983
