individual_id,T,alpha,eta,fitness
0,73,0.0136986301369863,0.0136986301369863,4225.1526980374965
1,71,0.014084507042253521,0.014084507042253521,4303.604522391943
2,71,0.014084507042253521,0.014084507042253521,4303.604522391943
3,74,0.013513513513513514,0.013513513513513514,4399.3265713910605
4,70,0.014285714285714285,0.014285714285714285,4406.587970297249
