individual_id,T,alpha,eta,fitness
0,112,0.008928571428571428,0.008928571428571428,9500.428832117364
1,112,0.008928571428571428,0.008928571428571428,9500.428832117364
2,112,0.008928571428571428,0.008928571428571428,9500.428832117364
3,112,0.008928571428571428,0.008928571428571428,9500.428832117364
4,108,0.009259259259259259,0.009259259259259259,9642.880675424502
