individual_id,T,alpha,eta,fitness
0,68,0.014705882352941176,0.014705882352941176,4042.507601424325
1,68,0.014705882352941176,0.014705882352941176,4042.507601424325
2,69,0.014492753623188406,0.014492753623188406,4135.799582740817
3,69,0.014492753623188406,0.014492753623188406,4135.799582740817
4,69,0.014492753623188406,0.014492753623188406,4135.799582740817
