individual_id,T,alpha,eta,fitness
0,110,0.00909090909090909,0.00909090909090909,9736.275551933568
1,110,0.00909090909090909,0.00909090909090909,9736.275551933568
2,115,0.008695652173913044,0.008695652173913044,9975.494413404804
3,115,0.008695652173913044,0.008695652173913044,9975.494413404804
4,119,0.008403361344537815,0.008403361344537815,10821.417195053482
