individual_id,T,alpha,eta,fitness
0,68,0.014705882352941176,0.014705882352941176,4042.507601424325
1,68,0.014705882352941176,0.014705882352941176,4042.507601424325
2,68,0.014705882352941176,0.014705882352941176,4042.507601424325
3,68,0.014705882352941176,0.014705882352941176,4042.507601424325
4,68,0.014705882352941176,0.014705882352941176,4042.507601424325
