individual_id,T,alpha,eta,fitness
0,104,0.009615384615384616,0.009615384615384616,7689.250785420219
1,104,0.009615384615384616,0.009615384615384616,7689.250785420219
2,106,0.009433962264150943,0.009433962264150943,7873.486606968943
3,102,0.00980392156862745,0.00980392156862745,7953.428470460704
4,102,0.00980392156862745,0.00980392156862745,7953.428470460704
