individual_id,T,alpha,eta,fitness
0,68,0.014705882352941176,0.014705882352941176,4042.507601424325
1,69,0.014492753623188406,0.014492753623188406,4135.799582740817
2,69,0.014492753623188406,0.014492753623188406,4135.799582740817
3,73,0.0136986301369863,0.0136986301369863,4225.1526980374965
4,71,0.014084507042253521,0.014084507042253521,4303.604522391943
