individual_id,T,alpha,eta,fitness
0,73,0.0136986301369863,0.0136986301369863,4225.1526980374965
1,74,0.013513513513513514,0.013513513513513514,4399.3265713910605
2,75,0.013333333333333334,0.013333333333333334,4666.416673162595
3,75,0.013333333333333334,0.013333333333333334,4666.416673162595
4,76,0.013157894736842105,0.013157894736842105,4692.401710797212
