{
  "algorithm": "ES",
  "best_T": 63,
  "best_alpha": 0.015873015873015872,
  "best_eta": 0.015873015873015872,
  "best_perplexity": 3882.805873932004,
  "total_time": 389.0261939999182,
  "avg_step_time": 18.52330184285529,
  "stopped_early": false,
  "num_iterations": 21,
  "initial_population": [
    733,
    811,
    133,
    355,
    777,
    115,
    452,
    940,
    879,
    345,
    576,
    153,
    950,
    602,
    162,
    238,
    422,
    511,
    660,
    285
  ]
}