{
  "algorithm": "SABO",
  "best_T": 3,
  "best_alpha": 0.3333333333333333,
  "best_eta": 0.3333333333333333,
  "best_perplexity": 1368.8637878942932,
  "total_time": 1922.0204004000116,
  "avg_step_time": 34.36802281428494,
  "stopped_early": false,
  "num_iterations": 21,
  "initial_population": [
    733,
    811,
    133,
    355,
    777,
    115,
    452,
    940,
    879,
    345,
    576,
    153,
    950,
    602,
    162,
    238,
    422,
    511,
    660,
    285
  ]
}