{
  "algorithm": "PABBO_Full",
  "best_T": 2,
  "best_alpha": 0.5,
  "best_eta": 0.5,
  "best_perplexity": 1871.2338458807023,
  "total_time": 651.4865597999888,
  "avg_step_time": 32.57432798999944,
  "stopped_early": false,
  "num_iterations": 20,
  "initial_population": [
    733,
    811,
    133,
    355,
    777,
    115,
    452,
    940,
    879,
    345,
    576,
    153,
    950,
    602,
    162,
    238,
    422,
    511,
    660,
    285
  ]
}