{
  "results": [
    {
      "algorithm": "GA",
      "best_T": 6,
      "best_perplexity": 2116.0020454892087,
      "total_time": 989.9168792909913
    },
    {
      "algorithm": "ES",
      "best_T": 6,
      "best_perplexity": 2116.0020454892087,
      "total_time": 91.13743304200761
    },
    {
      "algorithm": "PABBO_Full",
      "best_T": 13,
      "best_perplexity": 2315.3215583813617,
      "total_time": 23.7163351670024
    }
  ],
  "best_algorithm": "GA",
  "best_perplexity": 2116.0020454892087
}