iter,T_best,best_perplexity,T_current,current_fitness,strategy,temperature,improvement,step_time,cum_time,no_improvement_count
1,33,1785.3303492923615,182,4927.185680882398,transformer,0.95,False,10.957558666996192,10.957660291998764,1
2,12,1724.5831698517404,12,1724.5831698517404,transformer,0.9025,True,2.5792003725655377e-05,10.958113458997104,0
3,12,1724.5831698517404,756,102913338947.34537,exploration,0.8573749999999999,False,47.045152000006055,58.00337666699488,1
4,12,1724.5831698517404,760,121320541467.90526,exploration,0.8145062499999999,False,45.79258516700065,103.79665874999773,2
5,12,1724.5831698517404,206,6797.805844322069,transformer,0.7737809374999999,False,11.146251875004964,114.94418695899367,3
