{
  "algorithm": "PABBO_Full",
  "best_T": 33,
  "best_alpha": 0.030303030303030304,
  "best_eta": 0.030303030303030304,
  "best_perplexity": 1785.3303492923615,
  "total_time": 0.0011028750013792887,
  "avg_step_time": 0.00022057500027585774,
  "stopped_early": true,
  "num_iterations": 5,
  "initial_population": [
    733,
    811,
    33,
    355,
    777,
    115,
    452,
    940,
    879,
    345,
    576,
    53,
    950,
    602,
    162,
    238,
    422,
    511,
    660,
    285
  ]
}