{
  "algorithm": "GA",
  "best_T": 33,
  "best_alpha": 0.030303030303030304,
  "best_eta": 0.030303030303030304,
  "best_perplexity": 1748.4863132515948,
  "total_time": 2010.1892495000502,
  "avg_step_time": 39.74041274285299,
  "stopped_early": false,
  "num_iterations": 21,
  "initial_population": [
    733,
    811,
    133,
    355,
    777,
    115,
    452,
    940,
    879,
    345,
    576,
    153,
    950,
    602,
    162,
    238,
    422,
    511,
    660,
    285
  ]
}