individual_id,T,alpha,eta,fitness
0,29,0.034482758620689655,0.034482758620689655,1761.1619618929342
1,33,0.030303030303030304,0.030303030303030304,1820.2030903043844
2,36,0.027777777777777776,0.027777777777777776,1832.8999861321913
3,37,0.02702702702702703,0.02702702702702703,1835.6922300768063
4,35,0.02857142857142857,0.02857142857142857,1860.3267823194858
