individual_id,T,alpha,eta,fitness
0,14,0.07142857142857142,0.07142857142857142,1696.2338882722818
1,19,0.05263157894736842,0.05263157894736842,1723.72769609859
2,19,0.05263157894736842,0.05263157894736842,1723.72769609859
3,19,0.05263157894736842,0.05263157894736842,1723.72769609859
4,18,0.05555555555555555,0.05555555555555555,1729.4866091405102
