individual_id,T,alpha,eta,fitness
0,24,0.041666666666666664,0.041666666666666664,1746.6714411735861
1,26,0.038461538461538464,0.038461538461538464,1751.2037028632997
2,29,0.034482758620689655,0.034482758620689655,1761.1619618929342
3,29,0.034482758620689655,0.034482758620689655,1761.1619618929342
4,29,0.034482758620689655,0.034482758620689655,1761.1619618929342
