individual_id,T,alpha,eta,fitness
0,33,0.030303030303030304,0.030303030303030304,1820.2030903043844
1,53,0.018867924528301886,0.018867924528301886,1924.4777483121534
2,115,0.008695652173913044,0.008695652173913044,2614.9071727759047
3,162,0.006172839506172839,0.006172839506172839,4114.707163092118
4,238,0.004201680672268907,0.004201680672268907,11585.405837078431
