individual_id,T,alpha,eta,fitness
0,19,0.05263157894736842,0.05263157894736842,1723.72769609859
1,19,0.05263157894736842,0.05263157894736842,1723.72769609859
2,19,0.05263157894736842,0.05263157894736842,1723.72769609859
3,18,0.05555555555555555,0.05555555555555555,1729.4866091405102
4,21,0.047619047619047616,0.047619047619047616,1731.1028659076244
