individual_id,T,alpha,eta,fitness
0,19,0.05263157894736842,0.05263157894736842,1723.72769609859
1,19,0.05263157894736842,0.05263157894736842,1723.72769609859
2,24,0.041666666666666664,0.041666666666666664,1746.6714411735861
3,24,0.041666666666666664,0.041666666666666664,1746.6714411735861
4,24,0.041666666666666664,0.041666666666666664,1746.6714411735861
