individual_id,T,alpha,eta,fitness
0,24,0.041666666666666664,0.041666666666666664,1746.6714411735861
1,26,0.038461538461538464,0.038461538461538464,1751.2037028632997
2,26,0.038461538461538464,0.038461538461538464,1751.2037028632997
3,26,0.038461538461538464,0.038461538461538464,1751.2037028632997
4,23,0.043478260869565216,0.043478260869565216,1752.153636648412
