individual_id,T,alpha,eta,fitness
0,10,0.1,0.1,1685.1017701191956
1,14,0.07142857142857142,0.07142857142857142,1696.2338882722818
2,14,0.07142857142857142,0.07142857142857142,1696.2338882722818
3,14,0.07142857142857142,0.07142857142857142,1696.2338882722818
4,17,0.058823529411764705,0.058823529411764705,1702.7417311742074
