{
  "algorithm": "ES",
  "best_T": 7,
  "best_alpha": 0.14285714285714285,
  "best_eta": 0.14285714285714285,
  "best_perplexity": 1645.0038360652388,
  "total_time": 201.62457983399509,
  "avg_step_time": 11.200608368110908,
  "stopped_early": true,
  "num_iterations": 18,
  "initial_population": [
    733,
    811,
    33,
    355,
    777,
    115,
    452,
    940,
    879,
    345,
    576,
    53,
    950,
    602,
    162,
    238,
    422,
    511,
    660,
    285
  ]
}