{
  "algorithm": "GA",
  "best_T": 3,
  "best_alpha": 0.3333333333333333,
  "best_eta": 0.3333333333333333,
  "best_perplexity": 2153.8596737516223,
  "total_time": 1193.7433628001017,
  "avg_step_time": 20.61215454761848,
  "stopped_early": false,
  "num_iterations": 21,
  "initial_population": [
    733,
    811,
    133,
    355,
    777,
    115,
    452,
    940,
    879,
    345,
    576,
    153,
    950,
    602,
    162,
    238,
    422,
    511,
    660,
    285
  ]
}