{
  "algorithm": "SABO",
  "best_T": 9,
  "best_alpha": 0.1111111111111111,
  "best_eta": 0.1111111111111111,
  "best_perplexity": 2175.669030092004,
  "total_time": 1747.8689310000045,
  "avg_step_time": 28.280774871427898,
  "stopped_early": false,
  "num_iterations": 21,
  "initial_population": [
    733,
    811,
    133,
    355,
    777,
    115,
    452,
    940,
    879,
    345,
    576,
    153,
    950,
    602,
    162,
    238,
    422,
    511,
    660,
    285
  ]
}