{
  "algorithm": "GA",
  "best_T": 34,
  "best_alpha": 0.029411764705882353,
  "best_eta": 0.029411764705882353,
  "best_perplexity": 1779.987739423871,
  "total_time": 1027.5677717919898,
  "avg_step_time": 28.135231738140906,
  "stopped_early": true,
  "num_iterations": 7,
  "initial_population": [
    733,
    811,
    33,
    355,
    777,
    115,
    452,
    940,
    879,
    345,
    576,
    53,
    950,
    602,
    162,
    238,
    422,
    511,
    660,
    285
  ]
}