{
  "algorithm": "SABO",
  "best_T": 2,
  "best_alpha": 0.5,
  "best_eta": 0.5,
  "best_perplexity": 1333.06861439231,
  "total_time": 1812.4142945999993,
  "avg_step_time": 25.85955719523779,
  "stopped_early": false,
  "num_iterations": 21,
  "initial_population": [
    733,
    811,
    133,
    355,
    777,
    115,
    452,
    940,
    879,
    345,
    576,
    153,
    950,
    602,
    162,
    238,
    422,
    511,
    660,
    285
  ]
}