{
  "algorithm": "GA",
  "best_T": 9,
  "best_alpha": 0.1111111111111111,
  "best_eta": 0.1111111111111111,
  "best_perplexity": 1723.4534898904674,
  "total_time": 1101.814592291994,
  "avg_step_time": 22.66202486363446,
  "stopped_early": true,
  "num_iterations": 11,
  "initial_population": [
    733,
    811,
    33,
    355,
    777,
    115,
    452,
    940,
    879,
    345,
    576,
    53,
    950,
    602,
    162,
    238,
    422,
    511,
    660,
    285
  ]
}