individual_id,T,alpha,eta,fitness
0,115,0.008695652173913044,0.008695652173913044,2591.729445865604
1,133,0.007518796992481203,0.007518796992481203,3006.916941388295
2,153,0.006535947712418301,0.006535947712418301,3727.6178706792243
3,162,0.006172839506172839,0.006172839506172839,4019.1747471973404
4,238,0.004201680672268907,0.004201680672268907,11565.904037908816
