individual_id,T,alpha,eta,fitness
0,110,0.00909090909090909,0.00909090909090909,2395.806714486709
1,110,0.00909090909090909,0.00909090909090909,2395.806714486709
2,110,0.00909090909090909,0.00909090909090909,2395.806714486709
3,110,0.00909090909090909,0.00909090909090909,2395.806714486709
4,106,0.009433962264150943,0.009433962264150943,2406.8650693708823
