individual_id,T,alpha,eta,fitness
0,110,0.00909090909090909,0.00909090909090909,2395.806714486709
1,110,0.00909090909090909,0.00909090909090909,2395.806714486709
2,110,0.00909090909090909,0.00909090909090909,2395.806714486709
3,110,0.00909090909090909,0.00909090909090909,2395.806714486709
4,110,0.00909090909090909,0.00909090909090909,2395.806714486709
