individual_id,T,alpha,eta,fitness
0,107,0.009345794392523364,0.009345794392523364,2507.4721809611237
1,111,0.009009009009009009,0.009009009009009009,2546.8203181976405
2,113,0.008849557522123894,0.008849557522123894,2582.090934640476
3,115,0.008695652173913044,0.008695652173913044,2591.729445865604
4,115,0.008695652173913044,0.008695652173913044,2591.729445865604
