{
  "algorithm": "ES",
  "best_T": 110,
  "best_alpha": 0.00909090909090909,
  "best_eta": 0.00909090909090909,
  "best_perplexity": 2395.806714486709,
  "total_time": 355.9939494000282,
  "avg_step_time": 16.95042255715955,
  "stopped_early": false,
  "num_iterations": 21,
  "initial_population": [
    733,
    811,
    133,
    355,
    777,
    115,
    452,
    940,
    879,
    345,
    576,
    153,
    950,
    602,
    162,
    238,
    422,
    511,
    660,
    285
  ]
}