{
  "algorithm": "SABO",
  "best_T": 7,
  "best_alpha": 0.14285714285714285,
  "best_eta": 0.14285714285714285,
  "best_perplexity": 1646.278574044963,
  "total_time": 2006.7032656999982,
  "avg_step_time": 34.41722458095249,
  "stopped_early": false,
  "num_iterations": 21,
  "initial_population": [
    733,
    811,
    133,
    355,
    777,
    115,
    452,
    940,
    879,
    345,
    576,
    153,
    950,
    602,
    162,
    238,
    422,
    511,
    660,
    285
  ]
}