individual_id,T,alpha,eta,fitness
0,90,0.011111111111111112,0.011111111111111112,2254.2790975401917
1,95,0.010526315789473684,0.010526315789473684,2280.891724695158
2,93,0.010752688172043012,0.010752688172043012,2282.4256867469503
3,94,0.010638297872340425,0.010638297872340425,2323.6768937652646
4,98,0.01020408163265306,0.01020408163265306,2340.200464052637
