individual_id,T,alpha,eta,fitness
0,67,0.014925373134328358,0.014925373134328358,1885.7944809932824
1,67,0.014925373134328358,0.014925373134328358,1885.7944809932824
2,65,0.015384615384615385,0.015384615384615385,1908.1138099550683
3,68,0.014705882352941176,0.014705882352941176,1933.3834192011373
4,68,0.014705882352941176,0.014705882352941176,1933.3834192011373
