individual_id,T,alpha,eta,fitness
0,105,0.009523809523809525,0.009523809523809525,2484.510865969917
1,107,0.009345794392523364,0.009345794392523364,2579.013585811768
2,109,0.009174311926605505,0.009174311926605505,2589.6822141235
3,109,0.009174311926605505,0.009174311926605505,2589.6822141235
4,110,0.00909090909090909,0.00909090909090909,2701.467252878157
