individual_id,T,alpha,eta,fitness
0,67,0.014925373134328358,0.014925373134328358,1885.7944809932824
1,67,0.014925373134328358,0.014925373134328358,1885.7944809932824
2,66,0.015151515151515152,0.015151515151515152,1901.4933117708272
3,65,0.015384615384615385,0.015384615384615385,1908.1138099550683
4,65,0.015384615384615385,0.015384615384615385,1908.1138099550683
