individual_id,T,alpha,eta,fitness
0,105,0.009523809523809525,0.009523809523809525,2484.510865969917
1,105,0.009523809523809525,0.009523809523809525,2484.510865969917
2,104,0.009615384615384616,0.009615384615384616,2487.1667923495165
3,101,0.009900990099009901,0.009900990099009901,2524.4983084760906
4,102,0.00980392156862745,0.00980392156862745,2533.7302087832627
