individual_id,T,alpha,eta,fitness
0,89,0.011235955056179775,0.011235955056179775,2209.882798273927
1,89,0.011235955056179775,0.011235955056179775,2209.882798273927
2,90,0.011111111111111112,0.011111111111111112,2254.2790975401917
3,90,0.011111111111111112,0.011111111111111112,2254.2790975401917
4,90,0.011111111111111112,0.011111111111111112,2254.2790975401917
