individual_id,T,alpha,eta,fitness
0,107,0.009345794392523364,0.009345794392523364,2579.013585811768
1,110,0.00909090909090909,0.00909090909090909,2701.467252878157
2,112,0.008928571428571428,0.008928571428571428,2741.5040087267707
3,112,0.008928571428571428,0.008928571428571428,2741.5040087267707
4,112,0.008928571428571428,0.008928571428571428,2741.5040087267707
