individual_id,T,alpha,eta,fitness
0,85,0.011764705882352941,0.011764705882352941,2095.7992744720873
1,86,0.011627906976744186,0.011627906976744186,2189.161650479253
2,89,0.011235955056179775,0.011235955056179775,2209.882798273927
3,89,0.011235955056179775,0.011235955056179775,2209.882798273927
4,89,0.011235955056179775,0.011235955056179775,2209.882798273927
