individual_id,T,alpha,eta,fitness
0,115,0.008695652173913044,0.008695652173913044,2794.274905767759
1,133,0.007518796992481203,0.007518796992481203,3351.5545188197234
2,153,0.006535947712418301,0.006535947712418301,4476.562680217115
3,162,0.006172839506172839,0.006172839506172839,5007.406412486779
4,238,0.004201680672268907,0.004201680672268907,24018.035718514147
