individual_id,T,alpha,eta,fitness
0,81,0.012345679012345678,0.012345679012345678,2051.6409781723705
1,81,0.012345679012345678,0.012345679012345678,2051.6409781723705
2,78,0.01282051282051282,0.01282051282051282,2073.7187810452288
3,80,0.0125,0.0125,2080.2983558128303
4,85,0.011764705882352941,0.011764705882352941,2095.7992744720873
