individual_id,T,alpha,eta,fitness
0,72,0.013888888888888888,0.013888888888888888,1975.7043361691585
1,72,0.013888888888888888,0.013888888888888888,1975.7043361691585
2,73,0.0136986301369863,0.0136986301369863,1992.6329852308788
3,74,0.013513513513513514,0.013513513513513514,2005.74440221339
4,74,0.013513513513513514,0.013513513513513514,2005.74440221339
