individual_id,T,alpha,eta,fitness
0,63,0.015873015873015872,0.015873015873015872,1857.8273492854796
1,67,0.014925373134328358,0.014925373134328358,1885.7944809932824
2,67,0.014925373134328358,0.014925373134328358,1885.7944809932824
3,67,0.014925373134328358,0.014925373134328358,1885.7944809932824
4,62,0.016129032258064516,0.016129032258064516,1888.4865930400604
