individual_id,T,alpha,eta,fitness
0,94,0.010638297872340425,0.010638297872340425,2323.6768937652646
1,98,0.01020408163265306,0.01020408163265306,2340.200464052637
2,96,0.010416666666666666,0.010416666666666666,2386.8748955682586
3,97,0.010309278350515464,0.010309278350515464,2391.3277294577233
4,100,0.01,0.01,2422.29230532365
