individual_id,T,alpha,eta,fitness
0,105,0.009523809523809525,0.009523809523809525,2484.510865969917
1,104,0.009615384615384616,0.009615384615384616,2487.1667923495165
2,107,0.009345794392523364,0.009345794392523364,2579.013585811768
3,109,0.009174311926605505,0.009174311926605505,2589.6822141235
4,109,0.009174311926605505,0.009174311926605505,2589.6822141235
