individual_id,T,alpha,eta,fitness
0,81,0.012345679012345678,0.012345679012345678,2051.6409781723705
1,85,0.011764705882352941,0.011764705882352941,2095.7992744720873
2,82,0.012195121951219513,0.012195121951219513,2113.149393486267
3,86,0.011627906976744186,0.011627906976744186,2189.161650479253
4,88,0.011363636363636364,0.011363636363636364,2204.612855691486
