individual_id,T,alpha,eta,fitness
0,69,0.014492753623188406,0.014492753623188406,1937.381057278706
1,72,0.013888888888888888,0.013888888888888888,1975.7043361691585
2,72,0.013888888888888888,0.013888888888888888,1975.7043361691585
3,72,0.013888888888888888,0.013888888888888888,1975.7043361691585
4,73,0.0136986301369863,0.0136986301369863,1992.6329852308788
