individual_id,T,alpha,eta,fitness
0,75,0.013333333333333334,0.013333333333333334,2010.494594728082
1,77,0.012987012987012988,0.012987012987012988,2040.8079624152776
2,76,0.013157894736842105,0.013157894736842105,2045.6023204798025
3,81,0.012345679012345678,0.012345679012345678,2051.6409781723705
4,81,0.012345679012345678,0.012345679012345678,2051.6409781723705
