individual_id,T,alpha,eta,fitness
0,75,0.013333333333333334,0.013333333333333334,2010.494594728082
1,75,0.013333333333333334,0.013333333333333334,2010.494594728082
2,75,0.013333333333333334,0.013333333333333334,2010.494594728082
3,77,0.012987012987012988,0.012987012987012988,2040.8079624152776
4,77,0.012987012987012988,0.012987012987012988,2040.8079624152776
