individual_id,T,alpha,eta,fitness
0,83,0.012048192771084338,0.012048192771084338,2140.2430102403123
1,85,0.011764705882352941,0.011764705882352941,2146.8872110635716
2,86,0.011627906976744186,0.011627906976744186,2192.8528209492642
3,92,0.010869565217391304,0.010869565217391304,2223.715501241889
4,92,0.010869565217391304,0.010869565217391304,2223.715501241889
