individual_id,T,alpha,eta,fitness
0,101,0.009900990099009901,0.009900990099009901,2377.959376990989
1,101,0.009900990099009901,0.009900990099009901,2377.959376990989
2,108,0.009259259259259259,0.009259259259259259,2421.6305857595958
3,108,0.009259259259259259,0.009259259259259259,2421.6305857595958
4,105,0.009523809523809525,0.009523809523809525,2447.0473123074194
