individual_id,T,alpha,eta,fitness
0,114,0.008771929824561403,0.008771929824561403,2598.1276517653096
1,115,0.008695652173913044,0.008695652173913044,2620.6517503158734
2,115,0.008695652173913044,0.008695652173913044,2620.6517503158734
3,120,0.008333333333333333,0.008333333333333333,2903.946955737017
4,133,0.007518796992481203,0.007518796992481203,2943.6921464874727
