individual_id,T,alpha,eta,fitness
0,113,0.008849557522123894,0.008849557522123894,2573.794013744434
1,114,0.008771929824561403,0.008771929824561403,2598.1276517653096
2,114,0.008771929824561403,0.008771929824561403,2598.1276517653096
3,112,0.008928571428571428,0.008928571428571428,2610.5238148152143
4,112,0.008928571428571428,0.008928571428571428,2610.5238148152143
