individual_id,T,alpha,eta,fitness
0,73,0.0136986301369863,0.0136986301369863,2032.4929168605997
1,76,0.013157894736842105,0.013157894736842105,2055.34508687748
2,76,0.013157894736842105,0.013157894736842105,2055.34508687748
3,79,0.012658227848101266,0.012658227848101266,2058.661370278934
4,79,0.012658227848101266,0.012658227848101266,2058.661370278934
