individual_id,T,alpha,eta,fitness
0,109,0.009174311926605505,0.009174311926605505,2496.777687831134
1,109,0.009174311926605505,0.009174311926605505,2496.777687831134
2,109,0.009174311926605505,0.009174311926605505,2496.777687831134
3,107,0.009345794392523364,0.009345794392523364,2516.893899927185
4,113,0.008849557522123894,0.008849557522123894,2573.794013744434
