individual_id,T,alpha,eta,fitness
0,115,0.008695652173913044,0.008695652173913044,2620.6517503158734
1,133,0.007518796992481203,0.007518796992481203,2943.6921464874727
2,153,0.006535947712418301,0.006535947712418301,3623.8449000791784
3,162,0.006172839506172839,0.006172839506172839,4132.774650397794
4,238,0.004201680672268907,0.004201680672268907,10984.221348825564
