individual_id,T,alpha,eta,fitness
0,109,0.009174311926605505,0.009174311926605505,2496.777687831134
1,109,0.009174311926605505,0.009174311926605505,2496.777687831134
2,113,0.008849557522123894,0.008849557522123894,2573.794013744434
3,113,0.008849557522123894,0.008849557522123894,2573.794013744434
4,114,0.008771929824561403,0.008771929824561403,2598.1276517653096
