individual_id,T,alpha,eta,fitness
0,80,0.0125,0.0125,2104.46199339203
1,78,0.01282051282051282,0.01282051282051282,2105.794864812218
2,83,0.012048192771084338,0.012048192771084338,2140.2430102403123
3,85,0.011764705882352941,0.011764705882352941,2146.8872110635716
4,81,0.012345679012345678,0.012345679012345678,2174.9287739199303
