individual_id,T,alpha,eta,fitness
0,71,0.014084507042253521,0.014084507042253521,1955.0394618140747
1,71,0.014084507042253521,0.014084507042253521,1955.0394618140747
2,68,0.014705882352941176,0.014705882352941176,1998.4090578370742
3,72,0.013888888888888888,0.013888888888888888,2020.2475356724524
4,72,0.013888888888888888,0.013888888888888888,2020.2475356724524
