individual_id,T,alpha,eta,fitness
0,114,0.008771929824561403,0.008771929824561403,2598.1276517653096
1,112,0.008928571428571428,0.008928571428571428,2610.5238148152143
2,115,0.008695652173913044,0.008695652173913044,2620.6517503158734
3,115,0.008695652173913044,0.008695652173913044,2620.6517503158734
4,115,0.008695652173913044,0.008695652173913044,2620.6517503158734
