individual_id,T,alpha,eta,fitness
0,71,0.014084507042253521,0.014084507042253521,1955.0394618140747
1,74,0.013513513513513514,0.013513513513513514,2024.251013507515
2,73,0.0136986301369863,0.0136986301369863,2032.4929168605997
3,73,0.0136986301369863,0.0136986301369863,2032.4929168605997
4,73,0.0136986301369863,0.0136986301369863,2032.4929168605997
