individual_id,T,alpha,eta,fitness
0,100,0.01,0.01,2281.920552438236
1,100,0.01,0.01,2281.920552438236
2,100,0.01,0.01,2281.920552438236
3,94,0.010638297872340425,0.010638297872340425,2299.9108142441332
4,95,0.010526315789473684,0.010526315789473684,2319.967499463438
