{
  "algorithm": "ES",
  "best_T": 71,
  "best_alpha": 0.014084507042253521,
  "best_eta": 0.014084507042253521,
  "best_perplexity": 1955.0394618140747,
  "total_time": 580.5193911000388,
  "avg_step_time": 27.641977409510652,
  "stopped_early": false,
  "num_iterations": 21,
  "initial_population": [
    733,
    811,
    133,
    355,
    777,
    115,
    452,
    940,
    879,
    345,
    576,
    153,
    950,
    602,
    162,
    238,
    422,
    511,
    660,
    285
  ]
}