{
  "algorithm": "SABO",
  "best_T": 5,
  "best_alpha": 0.2,
  "best_eta": 0.2,
  "best_perplexity": 2159.4639001909204,
  "total_time": 1804.7371281000014,
  "avg_step_time": 34.128620590475855,
  "stopped_early": false,
  "num_iterations": 21,
  "initial_population": [
    733,
    811,
    133,
    355,
    777,
    115,
    452,
    940,
    879,
    345,
    576,
    153,
    950,
    602,
    162,
    238,
    422,
    511,
    660,
    285
  ]
}