{
  "algorithm": "GA",
  "best_T": 34,
  "best_alpha": 0.029411764705882353,
  "best_eta": 0.029411764705882353,
  "best_perplexity": 1806.5157539445725,
  "total_time": 1068.1342027500068,
  "avg_step_time": 32.610782805665316,
  "stopped_early": true,
  "num_iterations": 6,
  "initial_population": [
    733,
    811,
    33,
    355,
    777,
    115,
    452,
    940,
    879,
    345,
    576,
    53,
    950,
    602,
    162,
    238,
    422,
    511,
    660,
    285
  ]
}