{
  "algorithm": "SABO",
  "best_T": 19,
  "best_alpha": 0.05263157894736842,
  "best_eta": 0.05263157894736842,
  "best_perplexity": 1678.487719100788,
  "total_time": 2395.6489685000015,
  "avg_step_time": 48.12827716666687,
  "stopped_early": false,
  "num_iterations": 21,
  "initial_population": [
    733,
    811,
    133,
    355,
    777,
    115,
    452,
    940,
    879,
    345,
    576,
    153,
    950,
    602,
    162,
    238,
    422,
    511,
    660,
    285
  ]
}