{
  "algorithm": "GA",
  "best_T": 3,
  "best_alpha": 0.3333333333333333,
  "best_eta": 0.3333333333333333,
  "best_perplexity": 2160.3369339276005,
  "total_time": 1288.4101175999967,
  "avg_step_time": 22.69840428570751,
  "stopped_early": false,
  "num_iterations": 21,
  "initial_population": [
    733,
    811,
    133,
    355,
    777,
    115,
    452,
    940,
    879,
    345,
    576,
    153,
    950,
    602,
    162,
    238,
    422,
    511,
    660,
    285
  ]
}