{
  "algorithm": "GA",
  "best_T": 33,
  "best_alpha": 0.030303030303030304,
  "best_eta": 0.030303030303030304,
  "best_perplexity": 1751.5975967646316,
  "total_time": 1625.393582800054,
  "avg_step_time": 27.454639328560525,
  "stopped_early": false,
  "num_iterations": 21,
  "initial_population": [
    733,
    811,
    133,
    355,
    777,
    115,
    452,
    940,
    879,
    345,
    576,
    153,
    950,
    602,
    162,
    238,
    422,
    511,
    660,
    285
  ]
}