{
  "algorithm": "GA",
  "best_T": 3,
  "best_alpha": 0.3333333333333333,
  "best_eta": 0.3333333333333333,
  "best_perplexity": 2151.58885204274,
  "total_time": 585.1653729170066,
  "avg_step_time": 7.783916372198534,
  "stopped_early": true,
  "num_iterations": 15,
  "initial_population": [
    733,
    811,
    33,
    355,
    777,
    115,
    452,
    940,
    879,
    345,
    576,
    53,
    950,
    602,
    162,
    238,
    422,
    511,
    660,
    285
  ]
}