{
  "results": [
    {
      "algorithm": "GA",
      "best_T": 21,
      "best_perplexity": 1731.1028659076244,
      "total_time": 1430.4946337090078
    },
    {
      "algorithm": "ES",
      "best_T": 7,
      "best_perplexity": 1645.0038360652388,
      "total_time": 201.62457983399509
    },
    {
      "algorithm": "PABBO_Full",
      "best_T": 33,
      "best_perplexity": 1820.2030903043844,
      "total_time": 0.0006053340039215982
    }
  ],
  "best_algorithm": "ES",
  "best_perplexity": 1645.0038360652388
}