individual_id,T,alpha,eta,fitness
0,64,0.015625,0.015625,1878.715927915834
1,69,0.014492753623188406,0.014492753623188406,1908.8438476958265
2,69,0.014492753623188406,0.014492753623188406,1908.8438476958265
3,72,0.013888888888888888,0.013888888888888888,1960.463125127907
4,73,0.0136986301369863,0.0136986301369863,1973.5420194142023
