individual_id,T,alpha,eta,fitness
0,108,0.009259259259259259,0.009259259259259259,2574.710034541264
1,108,0.009259259259259259,0.009259259259259259,2574.710034541264
2,107,0.009345794392523364,0.009345794392523364,2590.100750287687
3,107,0.009345794392523364,0.009345794392523364,2590.100750287687
4,109,0.009174311926605505,0.009174311926605505,2593.987298037191
