individual_id,T,alpha,eta,fitness
0,60,0.016666666666666666,0.016666666666666666,1849.1369440836534
1,60,0.016666666666666666,0.016666666666666666,1849.1369440836534
2,60,0.016666666666666666,0.016666666666666666,1849.1369440836534
3,64,0.015625,0.015625,1878.715927915834
4,64,0.015625,0.015625,1878.715927915834
