individual_id,T,alpha,eta,fitness
0,89,0.011235955056179775,0.011235955056179775,2202.796174910198
1,93,0.010752688172043012,0.010752688172043012,2259.5834771206687
2,94,0.010638297872340425,0.010638297872340425,2296.251281722587
3,98,0.01020408163265306,0.01020408163265306,2311.9216163002857
4,97,0.010309278350515464,0.010309278350515464,2316.4440642935238
