individual_id,T,alpha,eta,fitness
0,74,0.013513513513513514,0.013513513513513514,1996.5456387138988
1,77,0.012987012987012988,0.012987012987012988,2029.203024740626
2,79,0.012658227848101266,0.012658227848101266,2037.0509807108374
3,79,0.012658227848101266,0.012658227848101266,2037.0509807108374
4,79,0.012658227848101266,0.012658227848101266,2037.0509807108374
