individual_id,T,alpha,eta,fitness
0,59,0.01694915254237288,0.01694915254237288,1839.7887422571714
1,59,0.01694915254237288,0.01694915254237288,1839.7887422571714
2,59,0.01694915254237288,0.01694915254237288,1839.7887422571714
3,60,0.016666666666666666,0.016666666666666666,1849.1369440836534
4,60,0.016666666666666666,0.016666666666666666,1849.1369440836534
