individual_id,T,alpha,eta,fitness
0,93,0.010752688172043012,0.010752688172043012,2259.5834771206687
1,98,0.01020408163265306,0.01020408163265306,2311.9216163002857
2,97,0.010309278350515464,0.010309278350515464,2316.4440642935238
3,96,0.010416666666666666,0.010416666666666666,2400.4209782003613
4,96,0.010416666666666666,0.010416666666666666,2400.4209782003613
