individual_id,T,alpha,eta,fitness
0,115,0.008695652173913044,0.008695652173913044,2843.583033051245
1,131,0.007633587786259542,0.007633587786259542,3340.714533560548
2,133,0.007518796992481203,0.007518796992481203,3409.7651165913426
3,136,0.007352941176470588,0.007352941176470588,3418.855751852133
4,153,0.006535947712418301,0.006535947712418301,4440.398431259636
