individual_id,T,alpha,eta,fitness
0,107,0.009345794392523364,0.009345794392523364,2590.100750287687
1,113,0.008849557522123894,0.008849557522123894,2634.232440422663
2,111,0.009009009009009009,0.009009009009009009,2713.6202354753195
3,115,0.008695652173913044,0.008695652173913044,2843.583033051245
4,115,0.008695652173913044,0.008695652173913044,2843.583033051245
