individual_id,T,alpha,eta,fitness
0,64,0.015625,0.015625,1878.715927915834
1,64,0.015625,0.015625,1878.715927915834
2,64,0.015625,0.015625,1878.715927915834
3,62,0.016129032258064516,0.016129032258064516,1884.7618856901643
4,65,0.015384615384615385,0.015384615384615385,1889.4898097925195
