individual_id,T,alpha,eta,fitness
0,108,0.009259259259259259,0.009259259259259259,2574.710034541264
1,107,0.009345794392523364,0.009345794392523364,2590.100750287687
2,107,0.009345794392523364,0.009345794392523364,2590.100750287687
3,113,0.008849557522123894,0.008849557522123894,2634.232440422663
4,110,0.00909090909090909,0.00909090909090909,2671.500759459904
