individual_id,T,alpha,eta,fitness
0,115,0.008695652173913044,0.008695652173913044,2843.583033051245
1,133,0.007518796992481203,0.007518796992481203,3409.7651165913426
2,153,0.006535947712418301,0.006535947712418301,4440.398431259636
3,162,0.006172839506172839,0.006172839506172839,5134.562632596123
4,238,0.004201680672268907,0.004201680672268907,20893.35133135577
