individual_id,T,alpha,eta,fitness
0,104,0.009615384615384616,0.009615384615384616,2435.323877646967
1,103,0.009708737864077669,0.009708737864077669,2455.5968887308736
2,102,0.00980392156862745,0.00980392156862745,2502.1025604577594
3,108,0.009259259259259259,0.009259259259259259,2574.710034541264
4,108,0.009259259259259259,0.009259259259259259,2574.710034541264
