individual_id,T,alpha,eta,fitness
0,104,0.009615384615384616,0.009615384615384616,2435.323877646967
1,99,0.010101010101010102,0.010101010101010102,2435.567461496422
2,103,0.009708737864077669,0.009708737864077669,2455.5968887308736
3,103,0.009708737864077669,0.009708737864077669,2455.5968887308736
4,102,0.00980392156862745,0.00980392156862745,2502.1025604577594
