individual_id,T,alpha,eta,fitness
0,69,0.014492753623188406,0.014492753623188406,1908.8438476958265
1,74,0.013513513513513514,0.013513513513513514,1996.5456387138988
2,76,0.013157894736842105,0.013157894736842105,2008.540453297304
3,77,0.012987012987012988,0.012987012987012988,2029.203024740626
4,77,0.012987012987012988,0.012987012987012988,2029.203024740626
