individual_id,T,alpha,eta,fitness
0,98,0.01020408163265306,0.01020408163265306,2311.9216163002857
1,96,0.010416666666666666,0.010416666666666666,2400.4209782003613
2,96,0.010416666666666666,0.010416666666666666,2400.4209782003613
3,100,0.01,0.01,2418.7175066429304
4,100,0.01,0.01,2418.7175066429304
