individual_id,T,alpha,eta,fitness
0,89,0.011235955056179775,0.011235955056179775,2202.796174910198
1,89,0.011235955056179775,0.011235955056179775,2202.796174910198
2,89,0.011235955056179775,0.011235955056179775,2202.796174910198
3,91,0.01098901098901099,0.01098901098901099,2248.353035206146
4,91,0.01098901098901099,0.01098901098901099,2248.353035206146
