individual_id,T,alpha,eta,fitness
0,79,0.012658227848101266,0.012658227848101266,2037.0509807108374
1,79,0.012658227848101266,0.012658227848101266,2037.0509807108374
2,79,0.012658227848101266,0.012658227848101266,2037.0509807108374
3,80,0.0125,0.0125,2090.065668780261
4,84,0.011904761904761904,0.011904761904761904,2103.1661865994383
