individual_id,T,alpha,eta,fitness
0,84,0.011904761904761904,0.011904761904761904,2103.1661865994383
1,84,0.011904761904761904,0.011904761904761904,2103.1661865994383
2,84,0.011904761904761904,0.011904761904761904,2103.1661865994383
3,84,0.011904761904761904,0.011904761904761904,2103.1661865994383
4,88,0.011363636363636364,0.011363636363636364,2197.2897655632887
