{
  "algorithm": "ES",
  "best_T": 59,
  "best_alpha": 0.01694915254237288,
  "best_eta": 0.01694915254237288,
  "best_perplexity": 1839.7887422571714,
  "total_time": 701.8392459999304,
  "avg_step_time": 33.41871261427046,
  "stopped_early": false,
  "num_iterations": 21,
  "initial_population": [
    733,
    811,
    133,
    355,
    777,
    115,
    452,
    940,
    879,
    345,
    576,
    153,
    950,
    602,
    162,
    238,
    422,
    511,
    660,
    285
  ]
}