individual_id,T,alpha,eta,fitness
0,58,0.017241379310344827,0.017241379310344827,1778.7427445984993
1,59,0.01694915254237288,0.01694915254237288,1792.5222361767092
2,59,0.01694915254237288,0.01694915254237288,1792.5222361767092
3,60,0.016666666666666666,0.016666666666666666,1795.715123279732
4,57,0.017543859649122806,0.017543859649122806,1795.813470651923
