individual_id,T,alpha,eta,fitness
0,77,0.012987012987012988,0.012987012987012988,1971.7701806934326
1,77,0.012987012987012988,0.012987012987012988,1971.7701806934326
2,76,0.013157894736842105,0.013157894736842105,1976.4245177993
3,79,0.012658227848101266,0.012658227848101266,2006.5437854381098
4,78,0.01282051282051282,0.01282051282051282,2009.980888611738
