individual_id,T,alpha,eta,fitness
0,106,0.009433962264150943,0.009433962264150943,2437.428489767251
1,103,0.009708737864077669,0.009708737864077669,2441.3232315573155
2,105,0.009523809523809525,0.009523809523809525,2448.61884475099
3,107,0.009345794392523364,0.009345794392523364,2486.857394486862
4,107,0.009345794392523364,0.009345794392523364,2486.857394486862
