individual_id,T,alpha,eta,fitness
0,79,0.012658227848101266,0.012658227848101266,2006.5437854381098
1,82,0.012195121951219513,0.012195121951219513,2050.0673191322685
2,82,0.012195121951219513,0.012195121951219513,2050.0673191322685
3,81,0.012345679012345678,0.012345679012345678,2067.535701203917
4,81,0.012345679012345678,0.012345679012345678,2067.535701203917
