individual_id,T,alpha,eta,fitness
0,62,0.016129032258064516,0.016129032258064516,1816.2352406446644
1,63,0.015873015873015872,0.015873015873015872,1825.4088265348732
2,63,0.015873015873015872,0.015873015873015872,1825.4088265348732
3,65,0.015384615384615385,0.015384615384615385,1848.9888961631455
4,66,0.015151515151515152,0.015151515151515152,1863.5417389205031
