individual_id,T,alpha,eta,fitness
0,68,0.014705882352941176,0.014705882352941176,1876.0688282319088
1,68,0.014705882352941176,0.014705882352941176,1876.0688282319088
2,69,0.014492753623188406,0.014492753623188406,1883.551603728793
3,72,0.013888888888888888,0.013888888888888888,1914.1032931815525
4,72,0.013888888888888888,0.013888888888888888,1914.1032931815525
