individual_id,T,alpha,eta,fitness
0,72,0.013888888888888888,0.013888888888888888,1914.1032931815525
1,72,0.013888888888888888,0.013888888888888888,1914.1032931815525
2,73,0.0136986301369863,0.0136986301369863,1932.4934020237338
3,73,0.0136986301369863,0.0136986301369863,1932.4934020237338
4,73,0.0136986301369863,0.0136986301369863,1932.4934020237338
