individual_id,T,alpha,eta,fitness
0,96,0.010416666666666666,0.010416666666666666,2259.1807260407986
1,94,0.010638297872340425,0.010638297872340425,2264.8526411787493
2,94,0.010638297872340425,0.010638297872340425,2264.8526411787493
3,94,0.010638297872340425,0.010638297872340425,2264.8526411787493
4,98,0.01020408163265306,0.01020408163265306,2281.146401540177
