individual_id,T,alpha,eta,fitness
0,115,0.008695652173913044,0.008695652173913044,2735.4952793623074
1,133,0.007518796992481203,0.007518796992481203,3516.8508722610013
2,153,0.006535947712418301,0.006535947712418301,4336.732947230757
3,162,0.006172839506172839,0.006172839506172839,5093.344250746602
4,238,0.004201680672268907,0.004201680672268907,20843.7603719617
