individual_id,T,alpha,eta,fitness
0,114,0.008771929824561403,0.008771929824561403,2641.6259741735057
1,115,0.008695652173913044,0.008695652173913044,2735.4952793623074
2,115,0.008695652173913044,0.008695652173913044,2735.4952793623074
3,120,0.008333333333333333,0.008333333333333333,2855.4578926684308
4,135,0.007407407407407408,0.007407407407407408,3386.042690606964
