individual_id,T,alpha,eta,fitness
0,63,0.015873015873015872,0.015873015873015872,1825.4088265348732
1,67,0.014925373134328358,0.014925373134328358,1869.8720229018622
2,67,0.014925373134328358,0.014925373134328358,1869.8720229018622
3,67,0.014925373134328358,0.014925373134328358,1869.8720229018622
4,67,0.014925373134328358,0.014925373134328358,1869.8720229018622
