individual_id,T,alpha,eta,fitness
0,59,0.01694915254237288,0.01694915254237288,1792.5222361767092
1,59,0.01694915254237288,0.01694915254237288,1792.5222361767092
2,61,0.01639344262295082,0.01639344262295082,1808.7589684099319
3,61,0.01639344262295082,0.01639344262295082,1808.7589684099319
4,62,0.016129032258064516,0.016129032258064516,1816.2352406446644
