individual_id,T,alpha,eta,fitness
0,106,0.009433962264150943,0.009433962264150943,2437.428489767251
1,107,0.009345794392523364,0.009345794392523364,2486.857394486862
2,107,0.009345794392523364,0.009345794392523364,2486.857394486862
3,107,0.009345794392523364,0.009345794392523364,2486.857394486862
4,112,0.008928571428571428,0.008928571428571428,2603.1259331304645
