individual_id,T,alpha,eta,fitness
0,112,0.008928571428571428,0.008928571428571428,2603.1259331304645
1,111,0.009009009009009009,0.009009009009009009,2618.213594086678
2,111,0.009009009009009009,0.009009009009009009,2618.213594086678
3,114,0.008771929824561403,0.008771929824561403,2641.6259741735057
4,114,0.008771929824561403,0.008771929824561403,2641.6259741735057
