individual_id,T,alpha,eta,fitness
0,98,0.01020408163265306,0.01020408163265306,2281.146401540177
1,99,0.010101010101010102,0.010101010101010102,2328.5068003497595
2,99,0.010101010101010102,0.010101010101010102,2328.5068003497595
3,99,0.010101010101010102,0.010101010101010102,2328.5068003497595
4,97,0.010309278350515464,0.010309278350515464,2328.8731194489333
