individual_id,T,alpha,eta,fitness
0,101,0.009900990099009901,0.009900990099009901,2340.681353772563
1,106,0.009433962264150943,0.009433962264150943,2437.428489767251
2,103,0.009708737864077669,0.009708737864077669,2441.3232315573155
3,103,0.009708737864077669,0.009708737864077669,2441.3232315573155
4,103,0.009708737864077669,0.009708737864077669,2441.3232315573155
