{
  "algorithm": "ES",
  "best_T": 58,
  "best_alpha": 0.017241379310344827,
  "best_eta": 0.017241379310344827,
  "best_perplexity": 1778.7427445984993,
  "total_time": 577.8649570000125,
  "avg_step_time": 27.51523009525235,
  "stopped_early": false,
  "num_iterations": 21,
  "initial_population": [
    733,
    811,
    133,
    355,
    777,
    115,
    452,
    940,
    879,
    345,
    576,
    153,
    950,
    602,
    162,
    238,
    422,
    511,
    660,
    285
  ]
}