{
  "algorithm": "GA",
  "best_T": 21,
  "best_alpha": 0.047619047619047616,
  "best_eta": 0.047619047619047616,
  "best_perplexity": 1731.1028659076244,
  "total_time": 1430.4946337090078,
  "avg_step_time": 46.71501068581843,
  "stopped_early": true,
  "num_iterations": 11,
  "initial_population": [
    733,
    811,
    33,
    355,
    777,
    115,
    452,
    940,
    879,
    345,
    576,
    53,
    950,
    602,
    162,
    238,
    422,
    511,
    660,
    285
  ]
}