individual_id,T,alpha,eta,fitness
0,102,0.00980392156862745,0.00980392156862745,2257.016703077256
1,102,0.00980392156862745,0.00980392156862745,2257.016703077256
2,102,0.00980392156862745,0.00980392156862745,2257.016703077256
3,102,0.00980392156862745,0.00980392156862745,2257.016703077256
4,101,0.009900990099009901,0.009900990099009901,2278.595091628342
