individual_id,T,alpha,eta,fitness
0,106,0.009433962264150943,0.009433962264150943,2332.922298011524
1,106,0.009433962264150943,0.009433962264150943,2332.922298011524
2,110,0.00909090909090909,0.00909090909090909,2412.032446585666
3,110,0.00909090909090909,0.00909090909090909,2412.032446585666
4,110,0.00909090909090909,0.00909090909090909,2412.032446585666
