individual_id,T,alpha,eta,fitness
0,115,0.008695652173913044,0.008695652173913044,2509.131962596967
1,133,0.007518796992481203,0.007518796992481203,3055.5975795437257
2,153,0.006535947712418301,0.006535947712418301,3565.0619748609865
3,162,0.006172839506172839,0.006172839506172839,3900.7782302639207
4,238,0.004201680672268907,0.004201680672268907,10796.124376550295
