individual_id,T,alpha,eta,fitness
0,102,0.00980392156862745,0.00980392156862745,2257.016703077256
1,102,0.00980392156862745,0.00980392156862745,2257.016703077256
2,99,0.010101010101010102,0.010101010101010102,2294.063834054581
3,98,0.01020408163265306,0.01020408163265306,2309.638910832597
4,106,0.009433962264150943,0.009433962264150943,2332.922298011524
