individual_id,T,alpha,eta,fitness
0,115,0.008695652173913044,0.008695652173913044,2509.131962596967
1,114,0.008771929824561403,0.008771929824561403,2559.534120350765
2,117,0.008547008547008548,0.008547008547008548,2670.827525841626
3,135,0.007407407407407408,0.007407407407407408,2903.416003315177
4,133,0.007518796992481203,0.007518796992481203,3055.5975795437257
