individual_id,T,alpha,eta,fitness
0,102,0.00980392156862745,0.00980392156862745,2257.016703077256
1,106,0.009433962264150943,0.009433962264150943,2332.922298011524
2,106,0.009433962264150943,0.009433962264150943,2332.922298011524
3,106,0.009433962264150943,0.009433962264150943,2332.922298011524
4,110,0.00909090909090909,0.00909090909090909,2412.032446585666
