individual_id,T,alpha,eta,fitness
0,110,0.00909090909090909,0.00909090909090909,2412.032446585666
1,111,0.009009009009009009,0.009009009009009009,2444.9624630200587
2,109,0.009174311926605505,0.009174311926605505,2478.5266565624443
3,112,0.008928571428571428,0.008928571428571428,2485.886651385584
4,115,0.008695652173913044,0.008695652173913044,2509.131962596967
