individual_id,T,alpha,eta,fitness
0,102,0.00980392156862745,0.00980392156862745,2257.016703077256
1,102,0.00980392156862745,0.00980392156862745,2257.016703077256
2,102,0.00980392156862745,0.00980392156862745,2257.016703077256
3,99,0.010101010101010102,0.010101010101010102,2294.063834054581
4,99,0.010101010101010102,0.010101010101010102,2294.063834054581
