{
  "algorithm": "ES",
  "best_T": 102,
  "best_alpha": 0.00980392156862745,
  "best_eta": 0.00980392156862745,
  "best_perplexity": 2257.016703077256,
  "total_time": 273.1584481999744,
  "avg_step_time": 13.00602889522755,
  "stopped_early": false,
  "num_iterations": 21,
  "initial_population": [
    733,
    811,
    133,
    355,
    777,
    115,
    452,
    940,
    879,
    345,
    576,
    153,
    950,
    602,
    162,
    238,
    422,
    511,
    660,
    285
  ]
}