individual_id,T,alpha,eta,fitness
0,90,0.011111111111111112,0.011111111111111112,5991.746931489759
1,94,0.010638297872340425,0.010638297872340425,6000.4634142571895
2,94,0.010638297872340425,0.010638297872340425,6000.4634142571895
3,89,0.011235955056179775,0.011235955056179775,6161.266978777737
4,92,0.010869565217391304,0.010869565217391304,6538.478628513407
