individual_id,T,alpha,eta,fitness
0,68,0.014705882352941176,0.014705882352941176,3987.816975852833
1,67,0.014925373134328358,0.014925373134328358,4092.709429981654
2,70,0.014285714285714285,0.014285714285714285,4271.649496279672
3,71,0.014084507042253521,0.014084507042253521,4327.027498696619
4,71,0.014084507042253521,0.014084507042253521,4327.027498696619
