individual_id,T,alpha,eta,fitness
0,106,0.009433962264150943,0.009433962264150943,8240.73622538105
1,107,0.009345794392523364,0.009345794392523364,9093.39252704421
2,112,0.008928571428571428,0.008928571428571428,9135.665590438975
3,113,0.008849557522123894,0.008849557522123894,9836.113241879271
4,111,0.009009009009009009,0.009009009009009009,10162.251966728074
