individual_id,T,alpha,eta,fitness
0,97,0.010309278350515464,0.010309278350515464,6623.123446807919
1,103,0.009708737864077669,0.009708737864077669,7228.090979234806
2,103,0.009708737864077669,0.009708737864077669,7228.090979234806
3,99,0.010101010101010102,0.010101010101010102,7290.408412329813
4,102,0.00980392156862745,0.00980392156862745,7515.6300215570245
