individual_id,T,alpha,eta,fitness
0,70,0.014285714285714285,0.014285714285714285,4271.649496279672
1,69,0.014492753623188406,0.014492753623188406,4403.303388947475
2,72,0.013888888888888888,0.013888888888888888,4457.625497547061
3,72,0.013888888888888888,0.013888888888888888,4457.625497547061
4,72,0.013888888888888888,0.013888888888888888,4457.625497547061
