individual_id,T,alpha,eta,fitness
0,106,0.009433962264150943,0.009433962264150943,8240.73622538105
1,106,0.009433962264150943,0.009433962264150943,8240.73622538105
2,107,0.009345794392523364,0.009345794392523364,9093.39252704421
3,108,0.009259259259259259,0.009259259259259259,9132.074470955062
4,112,0.008928571428571428,0.008928571428571428,9135.665590438975
