individual_id,T,alpha,eta,fitness
0,111,0.009009009009009009,0.009009009009009009,10162.251966728074
1,111,0.009009009009009009,0.009009009009009009,10162.251966728074
2,111,0.009009009009009009,0.009009009009009009,10162.251966728074
3,116,0.008620689655172414,0.008620689655172414,10348.757833520689
4,115,0.008695652173913044,0.008695652173913044,10413.79982140497
