individual_id,T,alpha,eta,fitness
0,88,0.011363636363636364,0.011363636363636364,5440.162735286235
1,90,0.011111111111111112,0.011111111111111112,5991.746931489759
2,90,0.011111111111111112,0.011111111111111112,5991.746931489759
3,90,0.011111111111111112,0.011111111111111112,5991.746931489759
4,94,0.010638297872340425,0.010638297872340425,6000.4634142571895
