individual_id,T,alpha,eta,fitness
0,69,0.014492753623188406,0.014492753623188406,4403.303388947475
1,72,0.013888888888888888,0.013888888888888888,4457.625497547061
2,73,0.0136986301369863,0.0136986301369863,4613.523735097489
3,76,0.013157894736842105,0.013157894736842105,4690.63673545723
4,76,0.013157894736842105,0.013157894736842105,4690.63673545723
