individual_id,T,alpha,eta,fitness
0,80,0.0125,0.0125,4830.705902582851
1,80,0.0125,0.0125,4830.705902582851
2,80,0.0125,0.0125,4830.705902582851
3,84,0.011904761904761904,0.011904761904761904,5432.8504700528565
4,84,0.011904761904761904,0.011904761904761904,5432.8504700528565
