individual_id,T,alpha,eta,fitness
0,84,0.011904761904761904,0.011904761904761904,5432.8504700528565
1,88,0.011363636363636364,0.011363636363636364,5440.162735286235
2,85,0.011764705882352941,0.011764705882352941,5681.453710276724
3,85,0.011764705882352941,0.011764705882352941,5681.453710276724
4,90,0.011111111111111112,0.011111111111111112,5991.746931489759
