individual_id,T,alpha,eta,fitness
0,94,0.010638297872340425,0.010638297872340425,6000.4634142571895
1,94,0.010638297872340425,0.010638297872340425,6000.4634142571895
2,97,0.010309278350515464,0.010309278350515464,6623.123446807919
3,97,0.010309278350515464,0.010309278350515464,6623.123446807919
4,97,0.010309278350515464,0.010309278350515464,6623.123446807919
