individual_id,T,alpha,eta,fitness
0,103,0.009708737864077669,0.009708737864077669,7228.090979234806
1,102,0.00980392156862745,0.00980392156862745,7515.6300215570245
2,102,0.00980392156862745,0.00980392156862745,7515.6300215570245
3,106,0.009433962264150943,0.009433962264150943,8240.73622538105
4,106,0.009433962264150943,0.009433962264150943,8240.73622538105
