individual_id,T,alpha,eta,fitness
0,80,0.0125,0.0125,4830.705902582851
1,80,0.0125,0.0125,4830.705902582851
2,80,0.0125,0.0125,4830.705902582851
3,75,0.013333333333333334,0.013333333333333334,4934.739508049283
4,82,0.012195121951219513,0.012195121951219513,4955.668227705723
