individual_id,T,alpha,eta,fitness
0,88,0.011363636363636364,0.011363636363636364,5440.162735286235
1,85,0.011764705882352941,0.011764705882352941,5681.453710276724
2,90,0.011111111111111112,0.011111111111111112,5991.746931489759
3,90,0.011111111111111112,0.011111111111111112,5991.746931489759
4,90,0.011111111111111112,0.011111111111111112,5991.746931489759
