individual_id,T,alpha,eta,fitness
0,68,0.014705882352941176,0.014705882352941176,3987.816975852833
1,68,0.014705882352941176,0.014705882352941176,3987.816975852833
2,67,0.014925373134328358,0.014925373134328358,4092.709429981654
3,67,0.014925373134328358,0.014925373134328358,4092.709429981654
4,70,0.014285714285714285,0.014285714285714285,4271.649496279672
