{
  "algorithm": "ES",
  "best_T": 68,
  "best_alpha": 0.014705882352941176,
  "best_eta": 0.014705882352941176,
  "best_perplexity": 3987.816975852833,
  "total_time": 390.0683587999083,
  "avg_step_time": 18.57288247620177,
  "stopped_early": false,
  "num_iterations": 21,
  "initial_population": [
    733,
    811,
    133,
    355,
    777,
    115,
    452,
    940,
    879,
    345,
    576,
    153,
    950,
    602,
    162,
    238,
    422,
    511,
    660,
    285
  ]
}