{
  "results": [
    {
      "algorithm": "GA",
      "best_T": 30,
      "best_perplexity": 1704.1400447199096,
      "total_time": 1277.646132875001
    },
    {
      "algorithm": "ES",
      "best_T": 30,
      "best_perplexity": 1704.1400447199096,
      "total_time": 80.72826683399035
    },
    {
      "algorithm": "PABBO_Full",
      "best_T": 33,
      "best_perplexity": 1747.7423722477258,
      "total_time": 22.889808624997386
    }
  ],
  "best_algorithm": "GA",
  "best_perplexity": 1704.1400447199096
}