{
  "results": [
    {
      "algorithm": "GA",
      "best_T": 102,
      "best_perplexity": 2257.016703077256,
      "total_time": 1520.5694281000178
    },
    {
      "algorithm": "ES",
      "best_T": 102,
      "best_perplexity": 2257.016703077256,
      "total_time": 273.1584481999744
    },
    {
      "algorithm": "PABBO_Full",
      "best_T": 9,
      "best_perplexity": 1675.1231684104946,
      "total_time": 519.8487538000336
    }
  ],
  "best_algorithm": "PABBO_Full",
  "best_perplexity": 1675.1231684104946
}