individual_id,T,alpha,eta,fitness
0,79,0.012658227848101266,0.012658227848101266,2079.486730781328
1,79,0.012658227848101266,0.012658227848101266,2079.486730781328
2,83,0.012048192771084338,0.012048192771084338,2102.275352801346
3,83,0.012048192771084338,0.012048192771084338,2102.275352801346
4,83,0.012048192771084338,0.012048192771084338,2102.275352801346
