individual_id,T,alpha,eta,fitness
0,57,0.017543859649122806,0.017543859649122806,1802.5741124834594
1,55,0.01818181818181818,0.01818181818181818,1809.1003639469122
2,55,0.01818181818181818,0.01818181818181818,1809.1003639469122
3,55,0.01818181818181818,0.01818181818181818,1809.1003639469122
4,60,0.016666666666666666,0.016666666666666666,1827.9624366149455
