individual_id,T,alpha,eta,fitness
0,83,0.012048192771084338,0.012048192771084338,2102.275352801346
1,85,0.011764705882352941,0.011764705882352941,2142.170184042295
2,85,0.011764705882352941,0.011764705882352941,2142.170184042295
3,87,0.011494252873563218,0.011494252873563218,2170.125738830749
4,87,0.011494252873563218,0.011494252873563218,2170.125738830749
