individual_id,T,alpha,eta,fitness
0,64,0.015625,0.015625,1880.9829133320738
1,65,0.015384615384615385,0.015384615384615385,1894.4178679820936
2,65,0.015384615384615385,0.015384615384615385,1894.4178679820936
3,65,0.015384615384615385,0.015384615384615385,1894.4178679820936
4,70,0.014285714285714285,0.014285714285714285,1924.9387685445824
