individual_id,T,alpha,eta,fitness
0,115,0.008695652173913044,0.008695652173913044,2855.7141005290846
1,133,0.007518796992481203,0.007518796992481203,3326.148729301191
2,153,0.006535947712418301,0.006535947712418301,4353.948670364696
3,162,0.006172839506172839,0.006172839506172839,4901.93261000243
4,238,0.004201680672268907,0.004201680672268907,20893.009291554954
