individual_id,T,alpha,eta,fitness
0,70,0.014285714285714285,0.014285714285714285,1924.9387685445824
1,71,0.014084507042253521,0.014084507042253521,1956.7598071771872
2,73,0.0136986301369863,0.0136986301369863,1965.320450481882
3,73,0.0136986301369863,0.0136986301369863,1965.320450481882
4,75,0.013333333333333334,0.013333333333333334,1986.3910179398702
