individual_id,T,alpha,eta,fitness
0,57,0.017543859649122806,0.017543859649122806,1802.5741124834594
1,57,0.017543859649122806,0.017543859649122806,1802.5741124834594
2,55,0.01818181818181818,0.01818181818181818,1809.1003639469122
3,55,0.01818181818181818,0.01818181818181818,1809.1003639469122
4,55,0.01818181818181818,0.01818181818181818,1809.1003639469122
