individual_id,T,alpha,eta,fitness
0,109,0.009174311926605505,0.009174311926605505,2593.056993404177
1,111,0.009009009009009009,0.009009009009009009,2615.6072546909136
2,111,0.009009009009009009,0.009009009009009009,2615.6072546909136
3,110,0.00909090909090909,0.00909090909090909,2640.449180218581
4,113,0.008849557522123894,0.008849557522123894,2667.0555577564774
