individual_id,T,alpha,eta,fitness
0,92,0.010869565217391304,0.010869565217391304,2233.4570504105623
1,96,0.010416666666666666,0.010416666666666666,2323.721166754344
2,96,0.010416666666666666,0.010416666666666666,2323.721166754344
3,93,0.010752688172043012,0.010752688172043012,2324.776772639746
4,97,0.010309278350515464,0.010309278350515464,2325.0613673377584
