individual_id,T,alpha,eta,fitness
0,52,0.019230769230769232,0.019230769230769232,1795.302073357622
1,52,0.019230769230769232,0.019230769230769232,1795.302073357622
2,52,0.019230769230769232,0.019230769230769232,1795.302073357622
3,54,0.018518518518518517,0.018518518518518517,1795.5572953222368
4,57,0.017543859649122806,0.017543859649122806,1802.5741124834594
