individual_id,T,alpha,eta,fitness
0,60,0.016666666666666666,0.016666666666666666,1827.9624366149455
1,60,0.016666666666666666,0.016666666666666666,1827.9624366149455
2,60,0.016666666666666666,0.016666666666666666,1827.9624366149455
3,61,0.01639344262295082,0.01639344262295082,1855.0514460153931
4,63,0.015873015873015872,0.015873015873015872,1876.5481764942301
