individual_id,T,alpha,eta,fitness
0,100,0.01,0.01,2396.608603747823
1,100,0.01,0.01,2396.608603747823
2,103,0.009708737864077669,0.009708737864077669,2437.555793469471
3,104,0.009615384615384616,0.009615384615384616,2454.069915797795
4,105,0.009523809523809525,0.009523809523809525,2525.827282113833
