individual_id,T,alpha,eta,fitness
0,65,0.015384615384615385,0.015384615384615385,1894.4178679820936
1,70,0.014285714285714285,0.014285714285714285,1924.9387685445824
2,70,0.014285714285714285,0.014285714285714285,1924.9387685445824
3,70,0.014285714285714285,0.014285714285714285,1924.9387685445824
4,69,0.014492753623188406,0.014492753623188406,1931.8786973791932
