individual_id,T,alpha,eta,fitness
0,89,0.011235955056179775,0.011235955056179775,2224.201746233326
1,92,0.010869565217391304,0.010869565217391304,2233.4570504105623
2,92,0.010869565217391304,0.010869565217391304,2233.4570504105623
3,92,0.010869565217391304,0.010869565217391304,2233.4570504105623
4,92,0.010869565217391304,0.010869565217391304,2233.4570504105623
