individual_id,T,alpha,eta,fitness
0,75,0.013333333333333334,0.013333333333333334,1986.3910179398702
1,75,0.013333333333333334,0.013333333333333334,1986.3910179398702
2,74,0.013513513513513514,0.013513513513513514,1989.5971493133038
3,74,0.013513513513513514,0.013513513513513514,1989.5971493133038
4,76,0.013157894736842105,0.013157894736842105,2001.4507185610719
