individual_id,T,alpha,eta,fitness
0,87,0.011494252873563218,0.011494252873563218,2170.125738830749
1,91,0.01098901098901099,0.01098901098901099,2197.2403974365347
2,88,0.011363636363636364,0.011363636363636364,2211.2334007987192
3,88,0.011363636363636364,0.011363636363636364,2211.2334007987192
4,89,0.011235955056179775,0.011235955056179775,2224.201746233326
