individual_id,T,alpha,eta,fitness
0,111,0.009009009009009009,0.009009009009009009,2615.6072546909136
1,113,0.008849557522123894,0.008849557522123894,2667.0555577564774
2,115,0.008695652173913044,0.008695652173913044,2855.7141005290846
3,119,0.008403361344537815,0.008403361344537815,2941.76720691609
4,133,0.007518796992481203,0.007518796992481203,3326.148729301191
