individual_id,T,alpha,eta,fitness
0,52,0.019230769230769232,0.019230769230769232,1795.302073357622
1,54,0.018518518518518517,0.018518518518518517,1795.5572953222368
2,57,0.017543859649122806,0.017543859649122806,1802.5741124834594
3,57,0.017543859649122806,0.017543859649122806,1802.5741124834594
4,55,0.01818181818181818,0.01818181818181818,1809.1003639469122
