{
  "algorithm": "ES",
  "best_T": 52,
  "best_alpha": 0.019230769230769232,
  "best_eta": 0.019230769230769232,
  "best_perplexity": 1795.302073357622,
  "total_time": 528.0359406999778,
  "avg_step_time": 25.142918547626497,
  "stopped_early": false,
  "num_iterations": 21,
  "initial_population": [
    733,
    811,
    133,
    355,
    777,
    115,
    452,
    940,
    879,
    345,
    576,
    153,
    950,
    602,
    162,
    238,
    422,
    511,
    660,
    285
  ]
}