{
  "algorithm": "SABO",
  "best_T": 7,
  "best_alpha": 0.14285714285714285,
  "best_eta": 0.14285714285714285,
  "best_perplexity": 1702.5962252849092,
  "total_time": 2392.659109699998,
  "avg_step_time": 51.75820397142819,
  "stopped_early": false,
  "num_iterations": 21,
  "initial_population": [
    733,
    811,
    133,
    355,
    777,
    115,
    452,
    940,
    879,
    345,
    576,
    153,
    950,
    602,
    162,
    238,
    422,
    511,
    660,
    285
  ]
}