individual_id,T,alpha,eta,fitness
0,59,0.01694915254237288,0.01694915254237288,1857.0246807170925
1,66,0.015151515151515152,0.015151515151515152,1867.6335679575227
2,66,0.015151515151515152,0.015151515151515152,1867.6335679575227
3,66,0.015151515151515152,0.015151515151515152,1867.6335679575227
4,63,0.015873015873015872,0.015873015873015872,1884.8564459633767
