individual_id,T,alpha,eta,fitness
0,115,0.008695652173913044,0.008695652173913044,2733.9994155764457
1,133,0.007518796992481203,0.007518796992481203,3477.6918469593093
2,153,0.006535947712418301,0.006535947712418301,4448.8228020136685
3,162,0.006172839506172839,0.006172839506172839,4852.37681902554
4,238,0.004201680672268907,0.004201680672268907,21011.692950100245
