individual_id,T,alpha,eta,fitness
0,68,0.014705882352941176,0.014705882352941176,1900.0917862037757
1,68,0.014705882352941176,0.014705882352941176,1900.0917862037757
2,73,0.0136986301369863,0.0136986301369863,1967.2358282204043
3,73,0.0136986301369863,0.0136986301369863,1967.2358282204043
4,73,0.0136986301369863,0.0136986301369863,1967.2358282204043
