individual_id,T,alpha,eta,fitness
0,66,0.015151515151515152,0.015151515151515152,1867.6335679575227
1,66,0.015151515151515152,0.015151515151515152,1867.6335679575227
2,63,0.015873015873015872,0.015873015873015872,1884.8564459633767
3,64,0.015625,0.015625,1890.605248988035
4,64,0.015625,0.015625,1890.605248988035
