individual_id,T,alpha,eta,fitness
0,103,0.009708737864077669,0.009708737864077669,2442.6827406525476
1,103,0.009708737864077669,0.009708737864077669,2442.6827406525476
2,107,0.009345794392523364,0.009345794392523364,2482.4926248552642
3,106,0.009433962264150943,0.009433962264150943,2517.5491150349176
4,106,0.009433962264150943,0.009433962264150943,2517.5491150349176
