individual_id,T,alpha,eta,fitness
0,107,0.009345794392523364,0.009345794392523364,2482.4926248552642
1,106,0.009433962264150943,0.009433962264150943,2517.5491150349176
2,106,0.009433962264150943,0.009433962264150943,2517.5491150349176
3,106,0.009433962264150943,0.009433962264150943,2517.5491150349176
4,102,0.00980392156862745,0.00980392156862745,2524.388897713624
