individual_id,T,alpha,eta,fitness
0,56,0.017857142857142856,0.017857142857142856,1781.1225135117838
1,59,0.01694915254237288,0.01694915254237288,1857.0246807170925
2,66,0.015151515151515152,0.015151515151515152,1867.6335679575227
3,66,0.015151515151515152,0.015151515151515152,1867.6335679575227
4,66,0.015151515151515152,0.015151515151515152,1867.6335679575227
