individual_id,T,alpha,eta,fitness
0,94,0.010638297872340425,0.010638297872340425,2262.515701989355
1,98,0.01020408163265306,0.01020408163265306,2335.790231377933
2,99,0.010101010101010102,0.010101010101010102,2347.9115546864036
3,100,0.01,0.01,2386.262608776424
4,100,0.01,0.01,2386.262608776424
