individual_id,T,alpha,eta,fitness
0,98,0.01020408163265306,0.01020408163265306,2335.790231377933
1,103,0.009708737864077669,0.009708737864077669,2442.6827406525476
2,103,0.009708737864077669,0.009708737864077669,2442.6827406525476
3,103,0.009708737864077669,0.009708737864077669,2442.6827406525476
4,104,0.009615384615384616,0.009615384615384616,2468.2325514374684
