individual_id,T,alpha,eta,fitness
0,81,0.012345679012345678,0.012345679012345678,2062.976899028426
1,83,0.012048192771084338,0.012048192771084338,2078.294502860611
2,83,0.012048192771084338,0.012048192771084338,2078.294502860611
3,82,0.012195121951219513,0.012195121951219513,2099.4099204522854
4,86,0.011627906976744186,0.011627906976744186,2101.0518115017726
