individual_id,T,alpha,eta,fitness
0,86,0.011627906976744186,0.011627906976744186,2101.0518115017726
1,87,0.011494252873563218,0.011494252873563218,2164.9989261986184
2,88,0.011363636363636364,0.011363636363636364,2170.7068891498093
3,88,0.011363636363636364,0.011363636363636364,2170.7068891498093
4,88,0.011363636363636364,0.011363636363636364,2170.7068891498093
