individual_id,T,alpha,eta,fitness
0,107,0.009345794392523364,0.009345794392523364,2482.4926248552642
1,106,0.009433962264150943,0.009433962264150943,2517.5491150349176
2,110,0.00909090909090909,0.00909090909090909,2569.2657301013255
3,110,0.00909090909090909,0.00909090909090909,2569.2657301013255
4,110,0.00909090909090909,0.00909090909090909,2569.2657301013255
