individual_id,T,alpha,eta,fitness
0,75,0.013333333333333334,0.013333333333333334,1973.0919953592202
1,76,0.013157894736842105,0.013157894736842105,1998.5187452546868
2,80,0.0125,0.0125,2021.000266293252
3,80,0.0125,0.0125,2021.000266293252
4,78,0.01282051282051282,0.01282051282051282,2046.6458550115192
