individual_id,T,alpha,eta,fitness
0,88,0.011363636363636364,0.011363636363636364,2170.7068891498093
1,88,0.011363636363636364,0.011363636363636364,2170.7068891498093
2,88,0.011363636363636364,0.011363636363636364,2170.7068891498093
3,90,0.011111111111111112,0.011111111111111112,2174.775538383716
4,92,0.010869565217391304,0.010869565217391304,2200.9692817234286
