individual_id,T,alpha,eta,fitness
0,80,0.0125,0.0125,2021.000266293252
1,80,0.0125,0.0125,2021.000266293252
2,79,0.012658227848101266,0.012658227848101266,2056.689073563112
3,81,0.012345679012345678,0.012345679012345678,2062.976899028426
4,83,0.012048192771084338,0.012048192771084338,2078.294502860611
