individual_id,T,alpha,eta,fitness
0,92,0.010869565217391304,0.010869565217391304,2200.9692817234286
1,93,0.010752688172043012,0.010752688172043012,2257.8700997728974
2,94,0.010638297872340425,0.010638297872340425,2262.515701989355
3,94,0.010638297872340425,0.010638297872340425,2262.515701989355
4,95,0.010526315789473684,0.010526315789473684,2288.5162751533962
