individual_id,T,alpha,eta,fitness
0,110,0.00909090909090909,0.00909090909090909,2569.2657301013255
1,110,0.00909090909090909,0.00909090909090909,2569.2657301013255
2,113,0.008849557522123894,0.008849557522123894,2650.1236502567394
3,115,0.008695652173913044,0.008695652173913044,2733.9994155764457
4,120,0.008333333333333333,0.008333333333333333,2856.2303021470416
