individual_id,T,alpha,eta,fitness
0,73,0.0136986301369863,0.0136986301369863,1967.2358282204043
1,73,0.0136986301369863,0.0136986301369863,1967.2358282204043
2,75,0.013333333333333334,0.013333333333333334,1973.0919953592202
3,75,0.013333333333333334,0.013333333333333334,1973.0919953592202
4,76,0.013157894736842105,0.013157894736842105,1998.5187452546868
