individual_id,T,alpha,eta,fitness
0,63,0.015873015873015872,0.015873015873015872,1884.8564459633767
1,64,0.015625,0.015625,1890.605248988035
2,68,0.014705882352941176,0.014705882352941176,1900.0917862037757
3,68,0.014705882352941176,0.014705882352941176,1900.0917862037757
4,68,0.014705882352941176,0.014705882352941176,1900.0917862037757
