individual_id,T,alpha,eta,fitness
0,56,0.017857142857142856,0.017857142857142856,1781.1225135117838
1,52,0.019230769230769232,0.019230769230769232,1790.7756428327248
2,52,0.019230769230769232,0.019230769230769232,1790.7756428327248
3,51,0.0196078431372549,0.0196078431372549,1841.695695686613
4,59,0.01694915254237288,0.01694915254237288,1857.0246807170925
