individual_id,T,alpha,eta,fitness
0,115,0.008695652173913044,0.008695652173913044,2647.034019970684
1,133,0.007518796992481203,0.007518796992481203,2989.058213289903
2,153,0.006535947712418301,0.006535947712418301,3632.0261625692583
3,162,0.006172839506172839,0.006172839506172839,3878.6171327952584
4,238,0.004201680672268907,0.004201680672268907,11431.010780925271
