individual_id,T,alpha,eta,fitness
0,56,0.017857142857142856,0.017857142857142856,1849.9974820799744
1,59,0.01694915254237288,0.01694915254237288,1869.1345818531572
2,55,0.01818181818181818,0.01818181818181818,1870.0474203852
3,60,0.016666666666666666,0.016666666666666666,1907.3653064468683
4,66,0.015151515151515152,0.015151515151515152,1918.2018062745221
