individual_id,T,alpha,eta,fitness
0,79,0.012658227848101266,0.012658227848101266,2049.6103672922363
1,82,0.012195121951219513,0.012195121951219513,2104.997184789223
2,82,0.012195121951219513,0.012195121951219513,2104.997184789223
3,81,0.012345679012345678,0.012345679012345678,2117.188249488835
4,85,0.011764705882352941,0.011764705882352941,2125.7796153151066
