individual_id,T,alpha,eta,fitness
0,67,0.014925373134328358,0.014925373134328358,1964.5243083254256
1,71,0.014084507042253521,0.014084507042253521,1972.0898895358462
2,72,0.013888888888888888,0.013888888888888888,1992.55597352236
3,72,0.013888888888888888,0.013888888888888888,1992.55597352236
4,75,0.013333333333333334,0.013333333333333334,2004.4998142739703
