individual_id,T,alpha,eta,fitness
0,66,0.015151515151515152,0.015151515151515152,1918.2018062745221
1,66,0.015151515151515152,0.015151515151515152,1918.2018062745221
2,66,0.015151515151515152,0.015151515151515152,1918.2018062745221
3,61,0.01639344262295082,0.01639344262295082,1926.8238166203832
4,61,0.01639344262295082,0.01639344262295082,1926.8238166203832
