individual_id,T,alpha,eta,fitness
0,85,0.011764705882352941,0.011764705882352941,2125.7796153151066
1,89,0.011235955056179775,0.011235955056179775,2149.601730995719
2,89,0.011235955056179775,0.011235955056179775,2149.601730995719
3,89,0.011235955056179775,0.011235955056179775,2149.601730995719
4,88,0.011363636363636364,0.011363636363636364,2186.968226606233
