individual_id,T,alpha,eta,fitness
0,109,0.009174311926605505,0.009174311926605505,2486.3049132687024
1,109,0.009174311926605505,0.009174311926605505,2486.3049132687024
2,109,0.009174311926605505,0.009174311926605505,2486.3049132687024
3,108,0.009259259259259259,0.009259259259259259,2497.412945013016
4,104,0.009615384615384616,0.009615384615384616,2502.277535640226
