individual_id,T,alpha,eta,fitness
0,72,0.013888888888888888,0.013888888888888888,1992.55597352236
1,75,0.013333333333333334,0.013333333333333334,2004.4998142739703
2,73,0.0136986301369863,0.0136986301369863,2042.0522260244309
3,74,0.013513513513513514,0.013513513513513514,2045.3102436852723
4,79,0.012658227848101266,0.012658227848101266,2049.6103672922363
