individual_id,T,alpha,eta,fitness
0,109,0.009174311926605505,0.009174311926605505,2486.3049132687024
1,111,0.009009009009009009,0.009009009009009009,2505.733668181026
2,111,0.009009009009009009,0.009009009009009009,2505.733668181026
3,114,0.008771929824561403,0.008771929824561403,2572.6295703383635
4,113,0.008849557522123894,0.008849557522123894,2589.5333221185547
