individual_id,T,alpha,eta,fitness
0,74,0.013513513513513514,0.013513513513513514,2045.3102436852723
1,79,0.012658227848101266,0.012658227848101266,2049.6103672922363
2,79,0.012658227848101266,0.012658227848101266,2049.6103672922363
3,76,0.013157894736842105,0.013157894736842105,2065.7594063454076
4,78,0.01282051282051282,0.01282051282051282,2069.88701774134
