individual_id,T,alpha,eta,fitness
0,56,0.017857142857142856,0.017857142857142856,1849.9974820799744
1,59,0.01694915254237288,0.01694915254237288,1869.1345818531572
2,66,0.015151515151515152,0.015151515151515152,1918.2018062745221
3,66,0.015151515151515152,0.015151515151515152,1918.2018062745221
4,66,0.015151515151515152,0.015151515151515152,1918.2018062745221
