individual_id,T,alpha,eta,fitness
0,89,0.011235955056179775,0.011235955056179775,2149.601730995719
1,89,0.011235955056179775,0.011235955056179775,2149.601730995719
2,88,0.011363636363636364,0.011363636363636364,2186.968226606233
3,90,0.011111111111111112,0.011111111111111112,2221.1940161982097
4,91,0.01098901098901099,0.01098901098901099,2234.7988377983024
