individual_id,T,alpha,eta,fitness
0,98,0.01020408163265306,0.01020408163265306,2309.383343635225
1,101,0.009900990099009901,0.009900990099009901,2339.643650745592
2,99,0.010101010101010102,0.010101010101010102,2361.5409316109253
3,105,0.009523809523809525,0.009523809523809525,2419.0978642906643
4,105,0.009523809523809525,0.009523809523809525,2419.0978642906643
