individual_id,T,alpha,eta,fitness
0,89,0.011235955056179775,0.011235955056179775,2149.601730995719
1,94,0.010638297872340425,0.010638297872340425,2259.870598676257
2,95,0.010526315789473684,0.010526315789473684,2261.2456152303107
3,95,0.010526315789473684,0.010526315789473684,2261.2456152303107
4,93,0.010752688172043012,0.010752688172043012,2262.490732249092
