individual_id,T,alpha,eta,fitness
0,95,0.010526315789473684,0.010526315789473684,2261.2456152303107
1,93,0.010752688172043012,0.010752688172043012,2262.490732249092
2,96,0.010416666666666666,0.010416666666666666,2274.672324489844
3,98,0.01020408163265306,0.01020408163265306,2309.383343635225
4,101,0.009900990099009901,0.009900990099009901,2339.643650745592
