individual_id,T,alpha,eta,fitness
0,54,0.018518518518518517,0.018518518518518517,1841.4059990314238
1,56,0.017857142857142856,0.017857142857142856,1849.9974820799744
2,59,0.01694915254237288,0.01694915254237288,1869.1345818531572
3,55,0.01818181818181818,0.01818181818181818,1870.0474203852
4,55,0.01818181818181818,0.01818181818181818,1870.0474203852
