individual_id,T,alpha,eta,fitness
0,111,0.009009009009009009,0.009009009009009009,2505.733668181026
1,113,0.008849557522123894,0.008849557522123894,2589.5333221185547
2,119,0.008403361344537815,0.008403361344537815,2640.7476918468615
3,115,0.008695652173913044,0.008695652173913044,2647.034019970684
4,132,0.007575757575757576,0.007575757575757576,2926.4815283660355
