individual_id,T,alpha,eta,fitness
0,101,0.009900990099009901,0.009900990099009901,2339.643650745592
1,107,0.009345794392523364,0.009345794392523364,2420.2701400175715
2,109,0.009174311926605505,0.009174311926605505,2486.3049132687024
3,109,0.009174311926605505,0.009174311926605505,2486.3049132687024
4,109,0.009174311926605505,0.009174311926605505,2486.3049132687024
