individual_id,T,alpha,eta,fitness
0,66,0.015151515151515152,0.015151515151515152,1918.2018062745221
1,67,0.014925373134328358,0.014925373134328358,1964.5243083254256
2,67,0.014925373134328358,0.014925373134328358,1964.5243083254256
3,67,0.014925373134328358,0.014925373134328358,1964.5243083254256
4,71,0.014084507042253521,0.014084507042253521,1972.0898895358462
