individual_id,T,alpha,eta,fitness
0,81,0.012345679012345678,0.012345679012345678,2117.188249488835
1,85,0.011764705882352941,0.011764705882352941,2125.7796153151066
2,85,0.011764705882352941,0.011764705882352941,2125.7796153151066
3,85,0.011764705882352941,0.011764705882352941,2125.7796153151066
4,83,0.012048192771084338,0.012048192771084338,2141.5477975601684
