{
  "algorithm": "ES",
  "best_T": 54,
  "best_alpha": 0.018518518518518517,
  "best_eta": 0.018518518518518517,
  "best_perplexity": 1841.4059990314238,
  "total_time": 572.6986436999869,
  "avg_step_time": 27.269629361906222,
  "stopped_early": false,
  "num_iterations": 21,
  "initial_population": [
    733,
    811,
    133,
    355,
    777,
    115,
    452,
    940,
    879,
    345,
    576,
    153,
    950,
    602,
    162,
    238,
    422,
    511,
    660,
    285
  ]
}