individual_id,T,alpha,eta,fitness
0,26,0.038461538461538464,0.038461538461538464,1685.8719875800537
1,27,0.037037037037037035,0.037037037037037035,1693.8830438131263
2,24,0.041666666666666664,0.041666666666666664,1705.0306258293779
3,24,0.041666666666666664,0.041666666666666664,1705.0306258293779
4,30,0.03333333333333333,0.03333333333333333,1713.7143950453305
