individual_id,T,alpha,eta,fitness
0,23,0.043478260869565216,0.043478260869565216,1669.157688659546
1,23,0.043478260869565216,0.043478260869565216,1669.157688659546
2,18,0.05555555555555555,0.05555555555555555,1685.4413455064498
3,26,0.038461538461538464,0.038461538461538464,1685.8719875800537
4,26,0.038461538461538464,0.038461538461538464,1685.8719875800537
