individual_id,T,alpha,eta,fitness
0,26,0.038461538461538464,0.038461538461538464,1685.8719875800537
1,26,0.038461538461538464,0.038461538461538464,1685.8719875800537
2,26,0.038461538461538464,0.038461538461538464,1685.8719875800537
3,26,0.038461538461538464,0.038461538461538464,1685.8719875800537
4,26,0.038461538461538464,0.038461538461538464,1685.8719875800537
