individual_id,T,alpha,eta,fitness
0,26,0.038461538461538464,0.038461538461538464,1685.8719875800537
1,26,0.038461538461538464,0.038461538461538464,1685.8719875800537
2,26,0.038461538461538464,0.038461538461538464,1685.8719875800537
3,27,0.037037037037037035,0.037037037037037035,1693.8830438131263
4,27,0.037037037037037035,0.037037037037037035,1693.8830438131263
