individual_id,T,alpha,eta,fitness
0,29,0.034482758620689655,0.034482758620689655,1723.3297207364103
1,29,0.034482758620689655,0.034482758620689655,1723.3297207364103
2,33,0.030303030303030304,0.030303030303030304,1737.4066471639176
3,33,0.030303030303030304,0.030303030303030304,1737.4066471639176
4,33,0.030303030303030304,0.030303030303030304,1737.4066471639176
