individual_id,T,alpha,eta,fitness
0,30,0.03333333333333333,0.03333333333333333,1713.7143950453305
1,29,0.034482758620689655,0.034482758620689655,1723.3297207364103
2,29,0.034482758620689655,0.034482758620689655,1723.3297207364103
3,29,0.034482758620689655,0.034482758620689655,1723.3297207364103
4,28,0.03571428571428571,0.03571428571428571,1724.9518799142702
