individual_id,T,alpha,eta,fitness
0,33,0.030303030303030304,0.030303030303030304,1737.4066471639176
1,33,0.030303030303030304,0.030303030303030304,1737.4066471639176
2,55,0.01818181818181818,0.01818181818181818,1862.6562567991143
3,53,0.018867924528301886,0.018867924528301886,1931.7318397745094
4,53,0.018867924528301886,0.018867924528301886,1931.7318397745094
