individual_id,T,alpha,eta,fitness
0,33,0.030303030303030304,0.030303030303030304,1737.4066471639176
1,53,0.018867924528301886,0.018867924528301886,1931.7318397745094
2,115,0.008695652173913044,0.008695652173913044,2550.9272522445785
3,162,0.006172839506172839,0.006172839506172839,3922.2757144630687
4,238,0.004201680672268907,0.004201680672268907,11100.95803968278
