{
  "algorithm": "ES",
  "best_T": 23,
  "best_alpha": 0.043478260869565216,
  "best_eta": 0.043478260869565216,
  "best_perplexity": 1669.157688659546,
  "total_time": 121.33773516600195,
  "avg_step_time": 12.132937495899387,
  "stopped_early": true,
  "num_iterations": 10,
  "initial_population": [
    733,
    811,
    33,
    355,
    777,
    115,
    452,
    940,
    879,
    345,
    576,
    53,
    950,
    602,
    162,
    238,
    422,
    511,
    660,
    285
  ]
}