individual_id,T,alpha,eta,fitness
0,92,0.010869565217391304,0.010869565217391304,2250.63978728076
1,94,0.010638297872340425,0.010638297872340425,2312.7076642187976
2,98,0.01020408163265306,0.01020408163265306,2367.4748142552344
3,98,0.01020408163265306,0.01020408163265306,2367.4748142552344
4,98,0.01020408163265306,0.01020408163265306,2367.4748142552344
