individual_id,T,alpha,eta,fitness
0,72,0.013888888888888888,0.013888888888888888,1960.0464091970703
1,72,0.013888888888888888,0.013888888888888888,1960.0464091970703
2,73,0.0136986301369863,0.0136986301369863,1975.494099621666
3,77,0.012987012987012988,0.012987012987012988,2027.0667309536045
4,77,0.012987012987012988,0.012987012987012988,2027.0667309536045
