individual_id,T,alpha,eta,fitness
0,80,0.0125,0.0125,2072.999576487888
1,81,0.012345679012345678,0.012345679012345678,2096.1282595232387
2,81,0.012345679012345678,0.012345679012345678,2096.1282595232387
3,78,0.01282051282051282,0.01282051282051282,2097.1643881654422
4,79,0.012658227848101266,0.012658227848101266,2107.05920945547
