individual_id,T,alpha,eta,fitness
0,67,0.014925373134328358,0.014925373134328358,1908.0169642080891
1,67,0.014925373134328358,0.014925373134328358,1908.0169642080891
2,67,0.014925373134328358,0.014925373134328358,1908.0169642080891
3,67,0.014925373134328358,0.014925373134328358,1908.0169642080891
4,67,0.014925373134328358,0.014925373134328358,1908.0169642080891
