individual_id,T,alpha,eta,fitness
0,111,0.009009009009009009,0.009009009009009009,2661.2722040787485
1,110,0.00909090909090909,0.00909090909090909,2674.075871673328
2,110,0.00909090909090909,0.00909090909090909,2674.075871673328
3,110,0.00909090909090909,0.00909090909090909,2674.075871673328
4,113,0.008849557522123894,0.008849557522123894,2695.589029618773
