individual_id,T,alpha,eta,fitness
0,67,0.014925373134328358,0.014925373134328358,1908.0169642080891
1,67,0.014925373134328358,0.014925373134328358,1908.0169642080891
2,72,0.013888888888888888,0.013888888888888888,1960.0464091970703
3,72,0.013888888888888888,0.013888888888888888,1960.0464091970703
4,72,0.013888888888888888,0.013888888888888888,1960.0464091970703
