individual_id,T,alpha,eta,fitness
0,106,0.009433962264150943,0.009433962264150943,2501.5284878759335
1,106,0.009433962264150943,0.009433962264150943,2501.5284878759335
2,106,0.009433962264150943,0.009433962264150943,2501.5284878759335
3,106,0.009433962264150943,0.009433962264150943,2501.5284878759335
4,106,0.009433962264150943,0.009433962264150943,2501.5284878759335
