individual_id,T,alpha,eta,fitness
0,110,0.00909090909090909,0.00909090909090909,2674.075871673328
1,110,0.00909090909090909,0.00909090909090909,2674.075871673328
2,116,0.008620689655172414,0.008620689655172414,2753.4666118811115
3,115,0.008695652173913044,0.008695652173913044,2795.1325669515186
4,115,0.008695652173913044,0.008695652173913044,2795.1325669515186
