individual_id,T,alpha,eta,fitness
0,81,0.012345679012345678,0.012345679012345678,2096.1282595232387
1,84,0.011904761904761904,0.011904761904761904,2111.8373645418524
2,84,0.011904761904761904,0.011904761904761904,2111.8373645418524
3,84,0.011904761904761904,0.011904761904761904,2111.8373645418524
4,87,0.011494252873563218,0.011494252873563218,2129.122172020744
