individual_id,T,alpha,eta,fitness
0,84,0.011904761904761904,0.011904761904761904,2111.8373645418524
1,84,0.011904761904761904,0.011904761904761904,2111.8373645418524
2,87,0.011494252873563218,0.011494252873563218,2129.122172020744
3,87,0.011494252873563218,0.011494252873563218,2129.122172020744
4,85,0.011764705882352941,0.011764705882352941,2157.1112290248598
