individual_id,T,alpha,eta,fitness
0,99,0.010101010101010102,0.010101010101010102,2452.4769676901396
1,101,0.009900990099009901,0.009900990099009901,2455.2760251670093
2,103,0.009708737864077669,0.009708737864077669,2481.032004007343
3,104,0.009615384615384616,0.009615384615384616,2492.0956191027017
4,104,0.009615384615384616,0.009615384615384616,2492.0956191027017
