individual_id,T,alpha,eta,fitness
0,106,0.009433962264150943,0.009433962264150943,2501.5284878759335
1,106,0.009433962264150943,0.009433962264150943,2501.5284878759335
2,106,0.009433962264150943,0.009433962264150943,2501.5284878759335
3,111,0.009009009009009009,0.009009009009009009,2661.2722040787485
4,111,0.009009009009009009,0.009009009009009009,2661.2722040787485
