individual_id,T,alpha,eta,fitness
0,87,0.011494252873563218,0.011494252873563218,2129.122172020744
1,92,0.010869565217391304,0.010869565217391304,2250.63978728076
2,92,0.010869565217391304,0.010869565217391304,2250.63978728076
3,92,0.010869565217391304,0.010869565217391304,2250.63978728076
4,93,0.010752688172043012,0.010752688172043012,2299.2690123048983
