individual_id,T,alpha,eta,fitness
0,103,0.009708737864077669,0.009708737864077669,2481.032004007343
1,104,0.009615384615384616,0.009615384615384616,2492.0956191027017
2,106,0.009433962264150943,0.009433962264150943,2501.5284878759335
3,106,0.009433962264150943,0.009433962264150943,2501.5284878759335
4,106,0.009433962264150943,0.009433962264150943,2501.5284878759335
