individual_id,T,alpha,eta,fitness
0,84,0.011904761904761904,0.011904761904761904,2111.8373645418524
1,87,0.011494252873563218,0.011494252873563218,2129.122172020744
2,89,0.011235955056179775,0.011235955056179775,2190.2305876266228
3,91,0.01098901098901099,0.01098901098901099,2242.3311966406773
4,91,0.01098901098901099,0.01098901098901099,2242.3311966406773
