individual_id,T,alpha,eta,fitness
0,115,0.008695652173913044,0.008695652173913044,2795.1325669515186
1,133,0.007518796992481203,0.007518796992481203,3492.622077471859
2,153,0.006535947712418301,0.006535947712418301,4510.203521732718
3,162,0.006172839506172839,0.006172839506172839,5057.629738766175
4,238,0.004201680672268907,0.004201680672268907,20953.906640738063
