individual_id,T,alpha,eta,fitness
0,72,0.013888888888888888,0.013888888888888888,1960.0464091970703
1,72,0.013888888888888888,0.013888888888888888,1960.0464091970703
2,72,0.013888888888888888,0.013888888888888888,1960.0464091970703
3,72,0.013888888888888888,0.013888888888888888,1960.0464091970703
4,75,0.013333333333333334,0.013333333333333334,1974.4203970629642
