individual_id,T,alpha,eta,fitness
0,98,0.01020408163265306,0.01020408163265306,2367.4748142552344
1,97,0.010309278350515464,0.010309278350515464,2424.2505739511053
2,99,0.010101010101010102,0.010101010101010102,2452.4769676901396
3,101,0.009900990099009901,0.009900990099009901,2455.2760251670093
4,103,0.009708737864077669,0.009708737864077669,2481.032004007343
