individual_id,T,alpha,eta,fitness
0,77,0.012987012987012988,0.012987012987012988,2027.0667309536045
1,77,0.012987012987012988,0.012987012987012988,2027.0667309536045
2,76,0.013157894736842105,0.013157894736842105,2038.8279486113595
3,80,0.0125,0.0125,2072.999576487888
4,80,0.0125,0.0125,2072.999576487888
