{
  "algorithm": "ES",
  "best_T": 62,
  "best_alpha": 0.016129032258064516,
  "best_eta": 0.016129032258064516,
  "best_perplexity": 1897.6284204515177,
  "total_time": 392.6335736999754,
  "avg_step_time": 18.695147285714658,
  "stopped_early": false,
  "num_iterations": 21,
  "initial_population": [
    733,
    811,
    133,
    355,
    777,
    115,
    452,
    940,
    879,
    345,
    576,
    153,
    950,
    602,
    162,
    238,
    422,
    511,
    660,
    285
  ]
}