iter,best_perplexity,pop_mean,pop_std,pop_min,pop_max,T_best,alpha_best,eta_best,step_time,cum_time,no_improvement_count,relative_change_pct
-1,1747.7423722477258,70629935119017.31,212927893343578.88,1747.7423722477258,845008860083831.0,33,0.030303030303030304,0.030303030303030304,0.0,0.0,0,0.0
0,1747.7423722477258,1282821227.7386785,5588312613.566815,1747.7423722477258,25641709585.197906,33,0.030303030303030304,0.030303030303030304,252.50320658400597,1178.7691155830107,1,0.0
1,1747.7423722477258,3567.1002903159556,4487.9736145541465,1747.7423722477258,21025.25464964821,33,0.030303030303030304,0.030303030303030304,54.37835645800806,1233.1505977500055,2,0.0
2,1704.1400447199096,1766.5881249447116,46.18146274652768,1704.1400447199096,1887.478476869595,30,0.03333333333333333,0.03333333333333333,18.995878959001857,1252.1483430829976,0,2.4947800213678173
3,1704.1400447199096,1800.2986757909057,101.46545684326205,1704.1400447199096,2002.882807035874,30,0.03333333333333333,0.03333333333333333,13.943703750002896,1266.0928317080106,1,0.0
4,1704.1400447199096,1801.947589117847,106.40980661283602,1704.1400447199096,2002.882807035874,30,0.03333333333333333,0.03333333333333333,4.247011999992537,1270.3407297910016,2,0.0
5,1704.1400447199096,1748.1512382212888,79.1165838573021,1704.1400447199096,2002.882807035874,30,0.03333333333333333,0.03333333333333333,3.6747723750013392,1274.0163446660008,3,0.0
6,1704.1400447199096,1746.42220132194,72.1618542370129,1704.1400447199096,2002.882807035874,30,0.03333333333333333,0.03333333333333333,0.00012829199840780348,1274.0172707910097,4,0.0
7,1704.1400447199096,1705.5893453284411,6.317354891400793,1704.1400447199096,1733.1260568905395,30,0.03333333333333333,0.03333333333333333,3.6273785420053173,1277.645214707998,5,0.0
