{
  "algorithm": "GA",
  "best_T": 30,
  "best_alpha": 0.03333333333333333,
  "best_eta": 0.03333333333333333,
  "best_perplexity": 1704.1400447199096,
  "total_time": 1277.646132875001,
  "avg_step_time": 39.04115966222404,
  "stopped_early": true,
  "num_iterations": 9,
  "initial_population": [
    733,
    811,
    33,
    355,
    777,
    115,
    452,
    940,
    879,
    345,
    576,
    53,
    950,
    602,
    162,
    238,
    422,
    511,
    660,
    285
  ]
}