{
  "algorithm": "SABO",
  "best_T": 5,
  "best_alpha": 0.2,
  "best_eta": 0.2,
  "best_perplexity": 2144.508643874034,
  "total_time": 1818.6365728000019,
  "avg_step_time": 31.640574390476452,
  "stopped_early": false,
  "num_iterations": 21,
  "initial_population": [
    733,
    811,
    133,
    355,
    777,
    115,
    452,
    940,
    879,
    345,
    576,
    153,
    950,
    602,
    162,
    238,
    422,
    511,
    660,
    285
  ]
}