individual_id,T,alpha,eta,fitness
0,84,0.011904761904761904,0.011904761904761904,2112.1022020258547
1,84,0.011904761904761904,0.011904761904761904,2112.1022020258547
2,90,0.011111111111111112,0.011111111111111112,2203.435406265129
3,90,0.011111111111111112,0.011111111111111112,2203.435406265129
4,90,0.011111111111111112,0.011111111111111112,2203.435406265129
