individual_id,T,alpha,eta,fitness
0,115,0.008695652173913044,0.008695652173913044,2781.1175021074573
1,133,0.007518796992481203,0.007518796992481203,3496.701410004927
2,153,0.006535947712418301,0.006535947712418301,4572.9702010441315
3,162,0.006172839506172839,0.006172839506172839,5249.930127898732
4,238,0.004201680672268907,0.004201680672268907,22533.183617915638
