individual_id,T,alpha,eta,fitness
0,79,0.012658227848101266,0.012658227848101266,2041.7250690162666
1,79,0.012658227848101266,0.012658227848101266,2041.7250690162666
2,82,0.012195121951219513,0.012195121951219513,2084.3256600664945
3,84,0.011904761904761904,0.011904761904761904,2112.1022020258547
4,84,0.011904761904761904,0.011904761904761904,2112.1022020258547
