individual_id,T,alpha,eta,fitness
0,63,0.015873015873015872,0.015873015873015872,1879.5306595227853
1,67,0.014925373134328358,0.014925373134328358,1904.6444723731295
2,67,0.014925373134328358,0.014925373134328358,1904.6444723731295
3,68,0.014705882352941176,0.014705882352941176,1904.9278202808675
4,68,0.014705882352941176,0.014705882352941176,1904.9278202808675
