individual_id,T,alpha,eta,fitness
0,94,0.010638297872340425,0.010638297872340425,2296.636177506413
1,95,0.010526315789473684,0.010526315789473684,2297.2920251277596
2,96,0.010416666666666666,0.010416666666666666,2341.3588613811467
3,97,0.010309278350515464,0.010309278350515464,2378.3981172904764
4,97,0.010309278350515464,0.010309278350515464,2378.3981172904764
