individual_id,T,alpha,eta,fitness
0,91,0.01098901098901099,0.01098901098901099,2270.0347222238693
1,94,0.010638297872340425,0.010638297872340425,2296.636177506413
2,95,0.010526315789473684,0.010526315789473684,2297.2920251277596
3,93,0.010752688172043012,0.010752688172043012,2311.7947916961043
4,96,0.010416666666666666,0.010416666666666666,2341.3588613811467
