individual_id,T,alpha,eta,fitness
0,109,0.009174311926605505,0.009174311926605505,2660.60593471748
1,107,0.009345794392523364,0.009345794392523364,2702.262908622847
2,115,0.008695652173913044,0.008695652173913044,2781.1175021074573
3,115,0.008695652173913044,0.008695652173913044,2781.1175021074573
4,115,0.008695652173913044,0.008695652173913044,2781.1175021074573
