individual_id,T,alpha,eta,fitness
0,90,0.011111111111111112,0.011111111111111112,2203.435406265129
1,90,0.011111111111111112,0.011111111111111112,2203.435406265129
2,86,0.011627906976744186,0.011627906976744186,2216.6418038923853
3,91,0.01098901098901099,0.01098901098901099,2270.0347222238693
4,94,0.010638297872340425,0.010638297872340425,2296.636177506413
