individual_id,T,alpha,eta,fitness
0,68,0.014705882352941176,0.014705882352941176,1904.9278202808675
1,69,0.014492753623188406,0.014492753623188406,1941.779223569459
2,71,0.014084507042253521,0.014084507042253521,1979.2548811490383
3,72,0.013888888888888888,0.013888888888888888,1991.616001108669
4,72,0.013888888888888888,0.013888888888888888,1991.616001108669
