individual_id,T,alpha,eta,fitness
0,67,0.014925373134328358,0.014925373134328358,1904.6444723731295
1,68,0.014705882352941176,0.014705882352941176,1904.9278202808675
2,68,0.014705882352941176,0.014705882352941176,1904.9278202808675
3,68,0.014705882352941176,0.014705882352941176,1904.9278202808675
4,68,0.014705882352941176,0.014705882352941176,1904.9278202808675
