individual_id,T,alpha,eta,fitness
0,58,0.017241379310344827,0.017241379310344827,1822.3018263128931
1,62,0.016129032258064516,0.016129032258064516,1866.6742600597452
2,63,0.015873015873015872,0.015873015873015872,1879.5306595227853
3,63,0.015873015873015872,0.015873015873015872,1879.5306595227853
4,63,0.015873015873015872,0.015873015873015872,1879.5306595227853
