individual_id,T,alpha,eta,fitness
0,72,0.013888888888888888,0.013888888888888888,1991.616001108669
1,76,0.013157894736842105,0.013157894736842105,2034.7715319612387
2,79,0.012658227848101266,0.012658227848101266,2041.7250690162666
3,79,0.012658227848101266,0.012658227848101266,2041.7250690162666
4,79,0.012658227848101266,0.012658227848101266,2041.7250690162666
