individual_id,T,alpha,eta,fitness
0,76,0.013157894736842105,0.013157894736842105,2034.7715319612387
1,79,0.012658227848101266,0.012658227848101266,2041.7250690162666
2,79,0.012658227848101266,0.012658227848101266,2041.7250690162666
3,79,0.012658227848101266,0.012658227848101266,2041.7250690162666
4,79,0.012658227848101266,0.012658227848101266,2041.7250690162666
