individual_id,T,alpha,eta,fitness
0,102,0.00980392156862745,0.00980392156862745,2488.3366549575394
1,106,0.009433962264150943,0.009433962264150943,2582.671061880853
2,109,0.009174311926605505,0.009174311926605505,2660.60593471748
3,110,0.00909090909090909,0.00909090909090909,2679.0741791066202
4,107,0.009345794392523364,0.009345794392523364,2702.262908622847
