individual_id,T,alpha,eta,fitness
0,102,0.00980392156862745,0.00980392156862745,2488.3366549575394
1,102,0.00980392156862745,0.00980392156862745,2488.3366549575394
2,106,0.009433962264150943,0.009433962264150943,2582.671061880853
3,106,0.009433962264150943,0.009433962264150943,2582.671061880853
4,109,0.009174311926605505,0.009174311926605505,2660.60593471748
