individual_id,T,alpha,eta,fitness
0,115,0.008695652173913044,0.008695652173913044,2781.1175021074573
1,115,0.008695652173913044,0.008695652173913044,2781.1175021074573
2,115,0.008695652173913044,0.008695652173913044,2781.1175021074573
3,111,0.009009009009009009,0.009009009009009009,2792.00411360072
4,111,0.009009009009009009,0.009009009009009009,2792.00411360072
