{
  "algorithm": "ES",
  "best_T": 58,
  "best_alpha": 0.017241379310344827,
  "best_eta": 0.017241379310344827,
  "best_perplexity": 1822.3018263128931,
  "total_time": 631.8074743000325,
  "avg_step_time": 30.08389395714316,
  "stopped_early": false,
  "num_iterations": 21,
  "initial_population": [
    733,
    811,
    133,
    355,
    777,
    115,
    452,
    940,
    879,
    345,
    576,
    153,
    950,
    602,
    162,
    238,
    422,
    511,
    660,
    285
  ]
}