individual_id,T,alpha,eta,fitness
0,33,0.030303030303030304,0.030303030303030304,1798.8441015733895
1,53,0.018867924528301886,0.018867924528301886,1856.6556946300082
2,115,0.008695652173913044,0.008695652173913044,2700.7652582390006
3,162,0.006172839506172839,0.006172839506172839,4127.451746174445
4,238,0.004201680672268907,0.004201680672268907,10417.474795679618
