individual_id,T,alpha,eta,fitness
0,28,0.03571428571428571,0.03571428571428571,1727.67483838541
1,28,0.03571428571428571,0.03571428571428571,1727.67483838541
2,34,0.029411764705882353,0.029411764705882353,1763.5301725485142
3,37,0.02702702702702703,0.02702702702702703,1785.5362394399328
4,33,0.030303030303030304,0.030303030303030304,1798.8441015733895
