individual_id,T,alpha,eta,fitness
0,28,0.03571428571428571,0.03571428571428571,1727.67483838541
1,28,0.03571428571428571,0.03571428571428571,1727.67483838541
2,28,0.03571428571428571,0.03571428571428571,1727.67483838541
3,29,0.034482758620689655,0.034482758620689655,1749.479620266046
4,34,0.029411764705882353,0.029411764705882353,1763.5301725485142
