individual_id,T,alpha,eta,fitness
0,28,0.03571428571428571,0.03571428571428571,1727.67483838541
1,28,0.03571428571428571,0.03571428571428571,1727.67483838541
2,28,0.03571428571428571,0.03571428571428571,1727.67483838541
3,28,0.03571428571428571,0.03571428571428571,1727.67483838541
4,32,0.03125,0.03125,1746.334997736105
