{
  "algorithm": "ES",
  "best_T": 23,
  "best_alpha": 0.043478260869565216,
  "best_eta": 0.043478260869565216,
  "best_perplexity": 1701.3357043085955,
  "total_time": 104.19143924998934,
  "avg_step_time": 14.883749220143986,
  "stopped_early": true,
  "num_iterations": 7,
  "initial_population": [
    733,
    811,
    33,
    355,
    777,
    115,
    452,
    940,
    879,
    345,
    576,
    53,
    950,
    602,
    162,
    238,
    422,
    511,
    660,
    285
  ]
}