individual_id,T,alpha,eta,fitness
0,87,0.011494252873563218,0.011494252873563218,2109.9649506614546
1,95,0.010526315789473684,0.010526315789473684,2263.11924528519
2,95,0.010526315789473684,0.010526315789473684,2263.11924528519
3,92,0.010869565217391304,0.010869565217391304,2268.0945397422606
4,92,0.010869565217391304,0.010869565217391304,2268.0945397422606
