individual_id,T,alpha,eta,fitness
0,87,0.011494252873563218,0.011494252873563218,2109.9649506614546
1,87,0.011494252873563218,0.011494252873563218,2109.9649506614546
2,87,0.011494252873563218,0.011494252873563218,2109.9649506614546
3,89,0.011235955056179775,0.011235955056179775,2170.848675625297
4,90,0.011111111111111112,0.011111111111111112,2235.464776761654
