individual_id,T,alpha,eta,fitness
0,79,0.012658227848101266,0.012658227848101266,2029.2378105113964
1,81,0.012345679012345678,0.012345679012345678,2051.3483952446127
2,81,0.012345679012345678,0.012345679012345678,2051.3483952446127
3,80,0.0125,0.0125,2072.5863504656872
4,80,0.0125,0.0125,2072.5863504656872
