individual_id,T,alpha,eta,fitness
0,79,0.012658227848101266,0.012658227848101266,2029.2378105113964
1,79,0.012658227848101266,0.012658227848101266,2029.2378105113964
2,79,0.012658227848101266,0.012658227848101266,2029.2378105113964
3,79,0.012658227848101266,0.012658227848101266,2029.2378105113964
4,79,0.012658227848101266,0.012658227848101266,2029.2378105113964
