individual_id,T,alpha,eta,fitness
0,114,0.008771929824561403,0.008771929824561403,2558.4518160026805
1,114,0.008771929824561403,0.008771929824561403,2558.4518160026805
2,114,0.008771929824561403,0.008771929824561403,2558.4518160026805
3,116,0.008620689655172414,0.008620689655172414,2572.216831163806
4,116,0.008620689655172414,0.008620689655172414,2572.216831163806
