individual_id,T,alpha,eta,fitness
0,117,0.008547008547008548,0.008547008547008548,2672.2924591353935
1,115,0.008695652173913044,0.008695652173913044,2705.046576235523
2,131,0.007633587786259542,0.007633587786259542,2862.626543949333
3,133,0.007518796992481203,0.007518796992481203,3043.4012082951976
4,136,0.007352941176470588,0.007352941176470588,3108.900327312098
