individual_id,T,alpha,eta,fitness
0,79,0.012658227848101266,0.012658227848101266,2029.2378105113964
1,79,0.012658227848101266,0.012658227848101266,2029.2378105113964
2,81,0.012345679012345678,0.012345679012345678,2051.3483952446127
3,81,0.012345679012345678,0.012345679012345678,2051.3483952446127
4,81,0.012345679012345678,0.012345679012345678,2051.3483952446127
