individual_id,T,alpha,eta,fitness
0,83,0.012048192771084338,0.012048192771084338,2101.0494683127818
1,83,0.012048192771084338,0.012048192771084338,2101.0494683127818
2,87,0.011494252873563218,0.011494252873563218,2109.9649506614546
3,87,0.011494252873563218,0.011494252873563218,2109.9649506614546
4,87,0.011494252873563218,0.011494252873563218,2109.9649506614546
