individual_id,T,alpha,eta,fitness
0,104,0.009615384615384616,0.009615384615384616,2378.559486943321
1,104,0.009615384615384616,0.009615384615384616,2378.559486943321
2,109,0.009174311926605505,0.009174311926605505,2454.587557780892
3,109,0.009174311926605505,0.009174311926605505,2454.587557780892
4,110,0.00909090909090909,0.00909090909090909,2510.09994022476
