individual_id,T,alpha,eta,fitness
0,109,0.009174311926605505,0.009174311926605505,2454.587557780892
1,109,0.009174311926605505,0.009174311926605505,2454.587557780892
2,110,0.00909090909090909,0.00909090909090909,2510.09994022476
3,107,0.009345794392523364,0.009345794392523364,2544.8511408121262
4,114,0.008771929824561403,0.008771929824561403,2558.4518160026805
