individual_id,T,alpha,eta,fitness
0,104,0.009615384615384616,0.009615384615384616,2378.559486943321
1,104,0.009615384615384616,0.009615384615384616,2378.559486943321
2,104,0.009615384615384616,0.009615384615384616,2378.559486943321
3,100,0.01,0.01,2379.086565172319
4,106,0.009433962264150943,0.009433962264150943,2412.938008336874
