individual_id,T,alpha,eta,fitness
0,79,0.012658227848101266,0.012658227848101266,2029.2378105113964
1,81,0.012345679012345678,0.012345679012345678,2051.3483952446127
2,83,0.012048192771084338,0.012048192771084338,2101.0494683127818
3,83,0.012048192771084338,0.012048192771084338,2101.0494683127818
4,83,0.012048192771084338,0.012048192771084338,2101.0494683127818
