individual_id,T,alpha,eta,fitness
0,115,0.008695652173913044,0.008695652173913044,2705.046576235523
1,133,0.007518796992481203,0.007518796992481203,3043.4012082951976
2,153,0.006535947712418301,0.006535947712418301,3569.6773527258506
3,162,0.006172839506172839,0.006172839506172839,4075.832397149062
4,238,0.004201680672268907,0.004201680672268907,10659.385266277393
