individual_id,T,alpha,eta,fitness
0,114,0.008771929824561403,0.008771929824561403,2558.4518160026805
1,112,0.008928571428571428,0.008928571428571428,2589.9594733417157
2,113,0.008849557522123894,0.008849557522123894,2628.9910575273725
3,117,0.008547008547008548,0.008547008547008548,2672.2924591353935
4,117,0.008547008547008548,0.008547008547008548,2672.2924591353935
