{
  "algorithm": "ES",
  "best_T": 79,
  "best_alpha": 0.012658227848101266,
  "best_eta": 0.012658227848101266,
  "best_perplexity": 2029.2378105113964,
  "total_time": 502.81476610002574,
  "avg_step_time": 23.941803485715006,
  "stopped_early": false,
  "num_iterations": 21,
  "initial_population": [
    733,
    811,
    133,
    355,
    777,
    115,
    452,
    940,
    879,
    345,
    576,
    153,
    950,
    602,
    162,
    238,
    422,
    511,
    660,
    285
  ]
}