individual_id,T,alpha,eta,fitness
0,65,0.015384615384615385,0.015384615384615385,3849.7262388955314
1,66,0.015151515151515152,0.015151515151515152,3994.9369909057737
2,69,0.014492753623188406,0.014492753623188406,4235.391238833987
3,69,0.014492753623188406,0.014492753623188406,4235.391238833987
4,69,0.014492753623188406,0.014492753623188406,4235.391238833987
