individual_id,T,alpha,eta,fitness
0,80,0.0125,0.0125,4737.094701989157
1,80,0.0125,0.0125,4737.094701989157
2,81,0.012345679012345678,0.012345679012345678,4953.178560421719
3,82,0.012195121951219513,0.012195121951219513,5079.418675917104
4,82,0.012195121951219513,0.012195121951219513,5079.418675917104
