individual_id,T,alpha,eta,fitness
0,112,0.008928571428571428,0.008928571428571428,8840.057979052996
1,111,0.009009009009009009,0.009009009009009009,8904.944880466834
2,111,0.009009009009009009,0.009009009009009009,8904.944880466834
3,110,0.00909090909090909,0.00909090909090909,9250.012811197534
4,116,0.008620689655172414,0.008620689655172414,9456.292555112257
