individual_id,T,alpha,eta,fitness
0,115,0.008695652173913044,0.008695652173913044,9673.177081141059
1,117,0.008547008547008548,0.008547008547008548,10428.123965939254
2,131,0.007633587786259542,0.007633587786259542,15682.999528515413
3,133,0.007518796992481203,0.007518796992481203,15914.457245809619
4,136,0.007352941176470588,0.007352941176470588,18574.87928772755
