individual_id,T,alpha,eta,fitness
0,86,0.011627906976744186,0.011627906976744186,5590.553172643227
1,90,0.011111111111111112,0.011111111111111112,5680.537499217884
2,91,0.01098901098901099,0.01098901098901099,6094.394212314958
3,94,0.010638297872340425,0.010638297872340425,6264.684906412952
4,94,0.010638297872340425,0.010638297872340425,6264.684906412952
