individual_id,T,alpha,eta,fitness
0,60,0.016666666666666666,0.016666666666666666,3561.058174999698
1,60,0.016666666666666666,0.016666666666666666,3561.058174999698
2,60,0.016666666666666666,0.016666666666666666,3561.058174999698
3,61,0.01639344262295082,0.01639344262295082,3641.6292778861944
4,62,0.016129032258064516,0.016129032258064516,3702.8482308168873
