individual_id,T,alpha,eta,fitness
0,78,0.01282051282051282,0.01282051282051282,4482.647099728536
1,78,0.01282051282051282,0.01282051282051282,4482.647099728536
2,73,0.0136986301369863,0.0136986301369863,4613.013568501901
3,73,0.0136986301369863,0.0136986301369863,4613.013568501901
4,80,0.0125,0.0125,4737.094701989157
