individual_id,T,alpha,eta,fitness
0,98,0.01020408163265306,0.01020408163265306,7232.773999149103
1,104,0.009615384615384616,0.009615384615384616,7392.865945572125
2,102,0.00980392156862745,0.00980392156862745,7550.107371941414
3,102,0.00980392156862745,0.00980392156862745,7550.107371941414
4,102,0.00980392156862745,0.00980392156862745,7550.107371941414
