individual_id,T,alpha,eta,fitness
0,94,0.010638297872340425,0.010638297872340425,6264.684906412952
1,95,0.010526315789473684,0.010526315789473684,6448.277232980705
2,97,0.010309278350515464,0.010309278350515464,6741.8799958119
3,98,0.01020408163265306,0.01020408163265306,7232.773999149103
4,98,0.01020408163265306,0.01020408163265306,7232.773999149103
