individual_id,T,alpha,eta,fitness
0,60,0.016666666666666666,0.016666666666666666,3561.058174999698
1,60,0.016666666666666666,0.016666666666666666,3561.058174999698
2,60,0.016666666666666666,0.016666666666666666,3561.058174999698
3,60,0.016666666666666666,0.016666666666666666,3561.058174999698
4,60,0.016666666666666666,0.016666666666666666,3561.058174999698
