individual_id,T,alpha,eta,fitness
0,90,0.011111111111111112,0.011111111111111112,5680.537499217884
1,91,0.01098901098901099,0.01098901098901099,6094.394212314958
2,94,0.010638297872340425,0.010638297872340425,6264.684906412952
3,94,0.010638297872340425,0.010638297872340425,6264.684906412952
4,93,0.010752688172043012,0.010752688172043012,6416.303064502858
