individual_id,T,alpha,eta,fitness
0,107,0.009345794392523364,0.009345794392523364,8146.174117669894
1,109,0.009174311926605505,0.009174311926605505,8588.894217257337
2,109,0.009174311926605505,0.009174311926605505,8588.894217257337
3,109,0.009174311926605505,0.009174311926605505,8588.894217257337
4,112,0.008928571428571428,0.008928571428571428,8840.057979052996
