individual_id,T,alpha,eta,fitness
0,60,0.016666666666666666,0.016666666666666666,3561.058174999698
1,61,0.01639344262295082,0.01639344262295082,3641.6292778861944
2,62,0.016129032258064516,0.016129032258064516,3702.8482308168873
3,65,0.015384615384615385,0.015384615384615385,3849.7262388955314
4,65,0.015384615384615385,0.015384615384615385,3849.7262388955314
