individual_id,T,alpha,eta,fitness
0,111,0.009009009009009009,0.009009009009009009,8904.944880466834
1,116,0.008620689655172414,0.008620689655172414,9456.292555112257
2,114,0.008771929824561403,0.008771929824561403,9504.343705101901
3,115,0.008695652173913044,0.008695652173913044,9673.177081141059
4,117,0.008547008547008548,0.008547008547008548,10428.123965939254
