individual_id,T,alpha,eta,fitness
0,85,0.011764705882352941,0.011764705882352941,5203.563325215359
1,86,0.011627906976744186,0.011627906976744186,5590.553172643227
2,86,0.011627906976744186,0.011627906976744186,5590.553172643227
3,87,0.011494252873563218,0.011494252873563218,5616.5189554597355
4,90,0.011111111111111112,0.011111111111111112,5680.537499217884
