individual_id,T,alpha,eta,fitness
0,107,0.009345794392523364,0.009345794392523364,8146.174117669894
1,112,0.008928571428571428,0.008928571428571428,8840.057979052996
2,112,0.008928571428571428,0.008928571428571428,8840.057979052996
3,112,0.008928571428571428,0.008928571428571428,8840.057979052996
4,112,0.008928571428571428,0.008928571428571428,8840.057979052996
