individual_id,T,alpha,eta,fitness
0,78,0.01282051282051282,0.01282051282051282,4482.647099728536
1,80,0.0125,0.0125,4737.094701989157
2,80,0.0125,0.0125,4737.094701989157
3,80,0.0125,0.0125,4737.094701989157
4,76,0.013157894736842105,0.013157894736842105,4766.007366512234
