individual_id,T,alpha,eta,fitness
0,65,0.015384615384615385,0.015384615384615385,3849.7262388955314
1,66,0.015151515151515152,0.015151515151515152,3994.9369909057737
2,66,0.015151515151515152,0.015151515151515152,3994.9369909057737
3,66,0.015151515151515152,0.015151515151515152,3994.9369909057737
4,67,0.014925373134328358,0.014925373134328358,4041.247037889395
