{
  "algorithm": "ES",
  "best_T": 60,
  "best_alpha": 0.016666666666666666,
  "best_eta": 0.016666666666666666,
  "best_perplexity": 3561.058174999698,
  "total_time": 453.7514220000012,
  "avg_step_time": 21.605420733330817,
  "stopped_early": false,
  "num_iterations": 21,
  "initial_population": [
    733,
    811,
    133,
    355,
    777,
    115,
    452,
    940,
    879,
    345,
    576,
    153,
    950,
    602,
    162,
    238,
    422,
    511,
    660,
    285
  ]
}