{
  "20news": {
    "GA": {
      "mean": 1776.3456026112813,
      "std": 185.93608053012528,
      "num_runs": 10
    },
    "ES": {
      "mean": 2056.9097290708683,
      "std": 173.28797840937605,
      "num_runs": 10
    },
    "PABBO": {
      "mean": 1809.5491607611978,
      "std": 103.79286465219698,
      "num_runs": 10
    },
    "SABBO": {
      "mean": 1679.9624145048274,
      "std": 25.094876596519214,
      "num_runs": 10
    }
  },
  "agnews": {
    "GA": {
      "mean": 2154.9839058005387,
      "std": 23.821034549167614,
      "num_runs": 10
    },
    "ES": {
      "mean": 3800.069363756121,
      "std": 359.6867050820125,
      "num_runs": 10
    },
    "PABBO": {
      "mean": 2184.545937364734,
      "std": 40.17302752018585,
      "num_runs": 10
    },
    "SABBO": {
      "mean": 2150.557686852672,
      "std": 22.048084673933115,
      "num_runs": 10
    }
  },
  "val_out": {
    "GA": {
      "mean": 1653.4919786012863,
      "std": 196.90794322789603,
      "num_runs": 10
    },
    "ES": {
      "mean": 2448.8672321633535,
      "std": 201.27790240231516,
      "num_runs": 10
    },
    "PABBO": {
      "mean": 1565.9857193262505,
      "std": 27.30591420646266,
      "num_runs": 10
    },
    "SABBO": {
      "mean": 1557.9114768086722,
      "std": 30.502089881725947,
      "num_runs": 10
    }
  },
  "yelp": {
    "GA": {
      "mean": 1378.808861523265,
      "std": 104.88412601101784,
      "num_runs": 10
    },
    "ES": {
      "mean": 1822.7193556098457,
      "std": 54.55172876358539,
      "num_runs": 10
    },
    "PABBO": {
      "mean": 1356.9837735976464,
      "std": 32.48187305154675,
      "num_runs": 10
    },
    "SABBO": {
      "mean": 1351.2104630855927,
      "std": 24.324008277015384,
      "num_runs": 10
    }
  }
}