individual_id,T,alpha,eta,fitness
0,71,0.014084507042253521,0.014084507042253521,4308.391223951998
1,68,0.014705882352941176,0.014705882352941176,4346.6842520127075
2,73,0.0136986301369863,0.0136986301369863,4463.660666057297
3,73,0.0136986301369863,0.0136986301369863,4463.660666057297
4,73,0.0136986301369863,0.0136986301369863,4463.660666057297
