individual_id,T,alpha,eta,fitness
0,62,0.016129032258064516,0.016129032258064516,3714.450745308232
1,69,0.014492753623188406,0.014492753623188406,3951.4156674328297
2,69,0.014492753623188406,0.014492753623188406,3951.4156674328297
3,69,0.014492753623188406,0.014492753623188406,3951.4156674328297
4,64,0.015625,0.015625,3967.835829158824
