individual_id,T,alpha,eta,fitness
0,73,0.0136986301369863,0.0136986301369863,4463.660666057297
1,76,0.013157894736842105,0.013157894736842105,4521.2829327514555
2,77,0.012987012987012988,0.012987012987012988,4819.861807941077
3,80,0.0125,0.0125,4944.803306508148
4,80,0.0125,0.0125,4944.803306508148
