individual_id,T,alpha,eta,fitness
0,100,0.01,0.01,6821.942903069681
1,97,0.010309278350515464,0.010309278350515464,6988.951683957404
2,96,0.010416666666666666,0.010416666666666666,7087.042087191181
3,102,0.00980392156862745,0.00980392156862745,7127.898636447436
4,102,0.00980392156862745,0.00980392156862745,7127.898636447436
