individual_id,T,alpha,eta,fitness
0,60,0.016666666666666666,0.016666666666666666,3708.7258935107184
1,62,0.016129032258064516,0.016129032258064516,3714.450745308232
2,58,0.017241379310344827,0.017241379310344827,3850.4900654096905
3,58,0.017241379310344827,0.017241379310344827,3850.4900654096905
4,69,0.014492753623188406,0.014492753623188406,3951.4156674328297
