individual_id,T,alpha,eta,fitness
0,109,0.009174311926605505,0.009174311926605505,7907.375041842322
1,111,0.009009009009009009,0.009009009009009009,9121.632434262168
2,110,0.00909090909090909,0.00909090909090909,9201.112699165102
3,110,0.00909090909090909,0.00909090909090909,9201.112699165102
4,114,0.008771929824561403,0.008771929824561403,9941.604765526654
