individual_id,T,alpha,eta,fitness
0,88,0.011363636363636364,0.011363636363636364,5486.346813027281
1,87,0.011494252873563218,0.011494252873563218,5610.065962267693
2,86,0.011627906976744186,0.011627906976744186,5621.043166320959
3,90,0.011111111111111112,0.011111111111111112,6009.328364090141
4,91,0.01098901098901099,0.01098901098901099,6057.1225686833195
