individual_id,T,alpha,eta,fitness
0,115,0.008695652173913044,0.008695652173913044,10211.298566857342
1,133,0.007518796992481203,0.007518796992481203,14938.128015629922
2,153,0.006535947712418301,0.006535947712418301,29429.536625795394
3,162,0.006172839506172839,0.006172839506172839,41374.72347937665
4,238,0.004201680672268907,0.004201680672268907,1306552.8893104626
