individual_id,T,alpha,eta,fitness
0,76,0.013157894736842105,0.013157894736842105,4521.2829327514555
1,80,0.0125,0.0125,4944.803306508148
2,80,0.0125,0.0125,4944.803306508148
3,80,0.0125,0.0125,4944.803306508148
4,79,0.012658227848101266,0.012658227848101266,4954.385824646213
