individual_id,T,alpha,eta,fitness
0,82,0.012195121951219513,0.012195121951219513,5114.421116328804
1,83,0.012048192771084338,0.012048192771084338,5226.724041620895
2,88,0.011363636363636364,0.011363636363636364,5486.346813027281
3,88,0.011363636363636364,0.011363636363636364,5486.346813027281
4,87,0.011494252873563218,0.011494252873563218,5610.065962267693
