individual_id,T,alpha,eta,fitness
0,71,0.014084507042253521,0.014084507042253521,4308.391223951998
1,68,0.014705882352941176,0.014705882352941176,4346.6842520127075
2,68,0.014705882352941176,0.014705882352941176,4346.6842520127075
3,67,0.014925373134328358,0.014925373134328358,4398.3280789716155
4,67,0.014925373134328358,0.014925373134328358,4398.3280789716155
