individual_id,T,alpha,eta,fitness
0,100,0.01,0.01,6821.942903069681
1,102,0.00980392156862745,0.00980392156862745,7127.898636447436
2,102,0.00980392156862745,0.00980392156862745,7127.898636447436
3,109,0.009174311926605505,0.009174311926605505,7907.375041842322
4,109,0.009174311926605505,0.009174311926605505,7907.375041842322
