individual_id,T,alpha,eta,fitness
0,73,0.0136986301369863,0.0136986301369863,4463.660666057297
1,73,0.0136986301369863,0.0136986301369863,4463.660666057297
2,73,0.0136986301369863,0.0136986301369863,4463.660666057297
3,76,0.013157894736842105,0.013157894736842105,4521.2829327514555
4,72,0.013888888888888888,0.013888888888888888,4638.149008432751
