individual_id,T,alpha,eta,fitness
0,114,0.008771929824561403,0.008771929824561403,9941.604765526654
1,115,0.008695652173913044,0.008695652173913044,10211.298566857342
2,117,0.008547008547008548,0.008547008547008548,11176.411161551181
3,133,0.007518796992481203,0.007518796992481203,14938.128015629922
4,135,0.007407407407407408,0.007407407407407408,15521.934768738856
