individual_id,T,alpha,eta,fitness
0,109,0.009174311926605505,0.009174311926605505,7907.375041842322
1,109,0.009174311926605505,0.009174311926605505,7907.375041842322
2,105,0.009523809523809525,0.009523809523809525,8088.474841749896
3,106,0.009433962264150943,0.009433962264150943,8365.849187909202
4,106,0.009433962264150943,0.009433962264150943,8365.849187909202
