{
  "algorithm": "ES",
  "best_T": 60,
  "best_alpha": 0.016666666666666666,
  "best_eta": 0.016666666666666666,
  "best_perplexity": 3708.7258935107184,
  "total_time": 466.17838910000864,
  "avg_step_time": 22.19716617619131,
  "stopped_early": false,
  "num_iterations": 21,
  "initial_population": [
    733,
    811,
    133,
    355,
    777,
    115,
    452,
    940,
    879,
    345,
    576,
    153,
    950,
    602,
    162,
    238,
    422,
    511,
    660,
    285
  ]
}