{
  "algorithm": "SABO",
  "best_T": 6,
  "best_alpha": 0.16666666666666666,
  "best_eta": 0.16666666666666666,
  "best_perplexity": 1652.6369402405658,
  "total_time": 2145.569351000002,
  "avg_step_time": 37.03843582857129,
  "stopped_early": false,
  "num_iterations": 21,
  "initial_population": [
    733,
    811,
    133,
    355,
    777,
    115,
    452,
    940,
    879,
    345,
    576,
    153,
    950,
    602,
    162,
    238,
    422,
    511,
    660,
    285
  ]
}