{
  "results": [
    {
      "algorithm": "GA",
      "best_T": 34,
      "best_perplexity": 1806.5157539445725,
      "total_time": 1068.1342027500068
    },
    {
      "algorithm": "ES",
      "best_T": 10,
      "best_perplexity": 1640.6214202011245,
      "total_time": 216.85583712499647
    },
    {
      "algorithm": "PABBO_Full",
      "best_T": 33,
      "best_perplexity": 1816.8158591729443,
      "total_time": 58.88347283299663
    }
  ],
  "best_algorithm": "ES",
  "best_perplexity": 1640.6214202011245
}