{
  "algorithm": "PABBO_Full",
  "best_T": 13,
  "best_alpha": 0.07692307692307693,
  "best_eta": 0.07692307692307693,
  "best_perplexity": 2315.3215583813617,
  "total_time": 23.7163351670024,
  "avg_step_time": 5.9290837917506,
  "stopped_early": true,
  "num_iterations": 4,
  "initial_population": [
    733,
    811,
    33,
    355,
    777,
    115,
    452,
    940,
    879,
    345,
    576,
    53,
    950,
    602,
    162,
    238,
    422,
    511,
    660,
    285
  ]
}