{
  "algorithm": "PABBO_Full",
  "best_T": 2,
  "best_alpha": 0.5,
  "best_eta": 0.5,
  "best_perplexity": 2119.2159701368178,
  "total_time": 69.47154574999877,
  "avg_step_time": 11.578590958333129,
  "stopped_early": true,
  "num_iterations": 6,
  "initial_population": [
    733,
    811,
    33,
    355,
    777,
    115,
    452,
    940,
    879,
    345,
    576,
    53,
    950,
    602,
    162,
    238,
    422,
    511,
    660,
    285
  ]
}