individual_id,T,alpha,eta,fitness
0,68,0.014705882352941176,0.014705882352941176,1962.3844799215017
1,68,0.014705882352941176,0.014705882352941176,1962.3844799215017
2,69,0.014492753623188406,0.014492753623188406,1968.4286698817878
3,69,0.014492753623188406,0.014492753623188406,1968.4286698817878
4,73,0.0136986301369863,0.0136986301369863,2014.4242832870848
