individual_id,T,alpha,eta,fitness
0,89,0.011235955056179775,0.011235955056179775,2259.029708140912
1,89,0.011235955056179775,0.011235955056179775,2259.029708140912
2,92,0.010869565217391304,0.010869565217391304,2275.49055123673
3,92,0.010869565217391304,0.010869565217391304,2275.49055123673
4,92,0.010869565217391304,0.010869565217391304,2275.49055123673
