individual_id,T,alpha,eta,fitness
0,73,0.0136986301369863,0.0136986301369863,2014.4242832870848
1,73,0.0136986301369863,0.0136986301369863,2014.4242832870848
2,73,0.0136986301369863,0.0136986301369863,2014.4242832870848
3,73,0.0136986301369863,0.0136986301369863,2014.4242832870848
4,77,0.012987012987012988,0.012987012987012988,2032.7307267899093
