individual_id,T,alpha,eta,fitness
0,77,0.012987012987012988,0.012987012987012988,2032.7307267899093
1,78,0.01282051282051282,0.01282051282051282,2047.1154986092608
2,78,0.01282051282051282,0.01282051282051282,2047.1154986092608
3,82,0.012195121951219513,0.012195121951219513,2115.116722733845
4,82,0.012195121951219513,0.012195121951219513,2115.116722733845
