individual_id,T,alpha,eta,fitness
0,115,0.008695652173913044,0.008695652173913044,2877.9762210306476
1,133,0.007518796992481203,0.007518796992481203,3349.9659778610344
2,153,0.006535947712418301,0.006535947712418301,4341.560356035174
3,162,0.006172839506172839,0.006172839506172839,4933.822601057245
4,238,0.004201680672268907,0.004201680672268907,21544.227121152013
