individual_id,T,alpha,eta,fitness
0,111,0.009009009009009009,0.009009009009009009,2669.73622767957
1,111,0.009009009009009009,0.009009009009009009,2669.73622767957
2,109,0.009174311926605505,0.009174311926605505,2698.811100395319
3,112,0.008928571428571428,0.008928571428571428,2714.9627885643886
4,114,0.008771929824561403,0.008771929824561403,2824.4187220117915
