individual_id,T,alpha,eta,fitness
0,87,0.011494252873563218,0.011494252873563218,2205.4665768871523
1,89,0.011235955056179775,0.011235955056179775,2259.029708140912
2,89,0.011235955056179775,0.011235955056179775,2259.029708140912
3,89,0.011235955056179775,0.011235955056179775,2259.029708140912
4,89,0.011235955056179775,0.011235955056179775,2259.029708140912
