individual_id,T,alpha,eta,fitness
0,111,0.009009009009009009,0.009009009009009009,2669.73622767957
1,114,0.008771929824561403,0.008771929824561403,2824.4187220117915
2,116,0.008620689655172414,0.008620689655172414,2838.8091400005305
3,115,0.008695652173913044,0.008695652173913044,2877.9762210306476
4,133,0.007518796992481203,0.007518796992481203,3349.9659778610344
