individual_id,T,alpha,eta,fitness
0,98,0.01020408163265306,0.01020408163265306,2396.8120238463152
1,98,0.01020408163265306,0.01020408163265306,2396.8120238463152
2,101,0.009900990099009901,0.009900990099009901,2451.618679061592
3,101,0.009900990099009901,0.009900990099009901,2451.618679061592
4,101,0.009900990099009901,0.009900990099009901,2451.618679061592
