individual_id,T,alpha,eta,fitness
0,89,0.011235955056179775,0.011235955056179775,2259.029708140912
1,92,0.010869565217391304,0.010869565217391304,2275.49055123673
2,93,0.010752688172043012,0.010752688172043012,2333.937826481364
3,94,0.010638297872340425,0.010638297872340425,2340.426857178601
4,94,0.010638297872340425,0.010638297872340425,2340.426857178601
