individual_id,T,alpha,eta,fitness
0,106,0.009433962264150943,0.009433962264150943,2659.031546507909
1,106,0.009433962264150943,0.009433962264150943,2659.031546507909
2,111,0.009009009009009009,0.009009009009009009,2669.73622767957
3,111,0.009009009009009009,0.009009009009009009,2669.73622767957
4,111,0.009009009009009009,0.009009009009009009,2669.73622767957
