individual_id,T,alpha,eta,fitness
0,93,0.010752688172043012,0.010752688172043012,2333.937826481364
1,94,0.010638297872340425,0.010638297872340425,2340.426857178601
2,97,0.010309278350515464,0.010309278350515464,2349.7707416573917
3,96,0.010416666666666666,0.010416666666666666,2394.9734711819383
4,98,0.01020408163265306,0.01020408163265306,2396.8120238463152
