individual_id,T,alpha,eta,fitness
0,77,0.012987012987012988,0.012987012987012988,2032.7307267899093
1,82,0.012195121951219513,0.012195121951219513,2115.116722733845
2,82,0.012195121951219513,0.012195121951219513,2115.116722733845
3,82,0.012195121951219513,0.012195121951219513,2115.116722733845
4,84,0.011904761904761904,0.011904761904761904,2133.2486776697974
