individual_id,T,alpha,eta,fitness
0,102,0.00980392156862745,0.00980392156862745,2457.683681674321
1,103,0.009708737864077669,0.009708737864077669,2489.64162546445
2,106,0.009433962264150943,0.009433962264150943,2659.031546507909
3,106,0.009433962264150943,0.009433962264150943,2659.031546507909
4,106,0.009433962264150943,0.009433962264150943,2659.031546507909
