individual_id,T,alpha,eta,fitness
0,69,0.014492753623188406,0.014492753623188406,1968.4286698817878
1,73,0.0136986301369863,0.0136986301369863,2014.4242832870848
2,73,0.0136986301369863,0.0136986301369863,2014.4242832870848
3,73,0.0136986301369863,0.0136986301369863,2014.4242832870848
4,73,0.0136986301369863,0.0136986301369863,2014.4242832870848
