individual_id,T,alpha,eta,fitness
0,101,0.009900990099009901,0.009900990099009901,2451.618679061592
1,102,0.00980392156862745,0.00980392156862745,2457.683681674321
2,103,0.009708737864077669,0.009708737864077669,2489.64162546445
3,103,0.009708737864077669,0.009708737864077669,2489.64162546445
4,103,0.009708737864077669,0.009708737864077669,2489.64162546445
