individual_id,T,alpha,eta,fitness
0,77,0.012987012987012988,0.012987012987012988,2032.7307267899093
1,77,0.012987012987012988,0.012987012987012988,2032.7307267899093
2,77,0.012987012987012988,0.012987012987012988,2032.7307267899093
3,78,0.01282051282051282,0.01282051282051282,2047.1154986092608
4,78,0.01282051282051282,0.01282051282051282,2047.1154986092608
