individual_id,T,alpha,eta,fitness
0,84,0.011904761904761904,0.011904761904761904,2133.2486776697974
1,83,0.012048192771084338,0.012048192771084338,2139.894197385288
2,87,0.011494252873563218,0.011494252873563218,2205.4665768871523
3,89,0.011235955056179775,0.011235955056179775,2259.029708140912
4,89,0.011235955056179775,0.011235955056179775,2259.029708140912
