individual_id,T,alpha,eta,fitness
0,67,0.014925373134328358,0.014925373134328358,1918.4395886884438
1,68,0.014705882352941176,0.014705882352941176,1962.3844799215017
2,68,0.014705882352941176,0.014705882352941176,1962.3844799215017
3,69,0.014492753623188406,0.014492753623188406,1968.4286698817878
4,69,0.014492753623188406,0.014492753623188406,1968.4286698817878
