{
  "algorithm": "ES",
  "best_T": 67,
  "best_alpha": 0.014925373134328358,
  "best_eta": 0.014925373134328358,
  "best_perplexity": 1918.4395886884438,
  "total_time": 472.34909719997086,
  "avg_step_time": 22.4910794428461,
  "stopped_early": false,
  "num_iterations": 21,
  "initial_population": [
    733,
    811,
    133,
    355,
    777,
    115,
    452,
    940,
    879,
    345,
    576,
    153,
    950,
    602,
    162,
    238,
    422,
    511,
    660,
    285
  ]
}